-- phpMyAdmin SQL Dump
-- version 4.0.4.1
-- http://www.phpmyadmin.net
--
-- Inang: 127.0.0.1
-- Waktu pembuatan: 13 Des 2019 pada 12.52
-- Versi Server: 5.5.32
-- Versi PHP: 5.4.19

SET SQL_MODE = "NO_AUTO_VALUE_ON_ZERO";
SET time_zone = "+00:00";


/*!40101 SET @OLD_CHARACTER_SET_CLIENT=@@CHARACTER_SET_CLIENT */;
/*!40101 SET @OLD_CHARACTER_SET_RESULTS=@@CHARACTER_SET_RESULTS */;
/*!40101 SET @OLD_COLLATION_CONNECTION=@@COLLATION_CONNECTION */;
/*!40101 SET NAMES utf8 */;

--
-- Basis data: `spk_mobkas`
--
CREATE DATABASE IF NOT EXISTS `spk_mobkas` DEFAULT CHARACTER SET latin1 COLLATE latin1_swedish_ci;
USE `spk_mobkas`;

-- --------------------------------------------------------

--
-- Struktur dari tabel `tbl_customer`
--

CREATE TABLE IF NOT EXISTS `tbl_customer` (
  `id_customer` varchar(15) NOT NULL,
  `nama_customer` varchar(25) NOT NULL,
  `alamat` text NOT NULL,
  `email` varchar(50) NOT NULL,
  `no_telp` varchar(15) NOT NULL,
  `no_ktp` varchar(25) NOT NULL,
  `username` varchar(25) NOT NULL,
  `password` varchar(25) NOT NULL
) ENGINE=InnoDB DEFAULT CHARSET=latin1;

--
-- Dumping data untuk tabel `tbl_customer`
--

INSERT INTO `tbl_customer` (`id_customer`, `nama_customer`, `alamat`, `email`, `no_telp`, `no_ktp`, `username`, `password`) VALUES
('CST1908001', 'Indira Gultom', 'Bekasi', 'indiragultom12@gmail.com', '081388991285', '327506750987123', 'indiragultom12', 'indiragultom12'),
('CST1908002', 'aldi', 'jln batang kayu 5 no 2, jakarta timur.', 'aldi9812@gmail.com', '081289707654', '3275098706543', 'aldialdi123', 'aldialdi123'),
('CST1908003', 'anang', 'jln bacang raya timur 1, bekasi selatan. ', 'ananganang234@gmail,com', '085287654326', '3275190807654', 'anang21', 'anangindi'),
('CST1908004', 'Bukhori', 'jln martia bhakti 12 blok a 1, bekasi timur', 'bukhorialamsyah11@gmail.com', '089643567652', '3275098987654', 'bukhori', 'bukhori111'),
('CST1908005', 'Budiman ', 'jln rawabebek 1 no 4 a, jakarta timur', 'budimanaman@gmail.com', '087890987652', '3275076542134', 'budimanaman', 'budimanaman12'),
('CST1908006', 'Bertand', 'jln sukamaju 2 no 7, kampung cerewet. jakarta timur.', 'bertand98@gmail.com', '085876548712', '3275012329876', 'bertandand65', 'bertandand65'),
('CST1908007', 'Heri Bernard ', 'jalan cipinang kebembem VI no 70, Jakarta Timur.', 'heriheribern_ard@gmail.com', '081276541212', '3275012673390', 'heribern', 'heribern12'),
('CST1908008', 'Bety Nadia', 'Jalan padi gogo VI, Jakarta Timur.', 'betynadiadia@gmail.com', '081812120976', '327506543712', 'betybet', 'betybetnadia'),
('CST1908009', 'Berry Nurdianto', 'Jalan pengasinan 12 no III A, Bekasi Timur.', 'berrybernur@gmail.com', '089610104750', '3275090908765', 'berynur12', 'berynur12'),
('CST1908010', 'Bucek Sandi', 'Pulo Sirih Timur 8 Street, Blok CA 78,\r\nTaman Galaxy Indah', 'buceksandi00754@gmail.com', '083899881285', '32751989812345', 'buceksan12', 'buceksan12'),
('CST1908011', 'Bima Satria P', 'Jalan anggek XII blok b 1 no 5, Jakarta Timur', 'bimasatri10@gmail.com', '087890901221', '3275087785612', 'bimama123', 'bimama123'),
('CST1908012', 'Bani Ahmad', 'Jalan kasuari XII blok c no 1, bekasi selatan.', 'baniahmad92@gmail.com', '085812213456', '327509876908', 'baniahmad92', 'baniahmad92'),
('CST1908013', 'Beatrice Delima', 'Jalan darmawangsa IX Blokk B 6 A, Bekasi Timur', 'beatricedel91@gmail.com', '085289675412', '3275078789019', 'betristreace', 'betristreace'),
('CST1908014', 'Citra Anindya', 'Jalan polomania utara, IX A no 6. Jakarta Selatan', 'citraanindya97@gmail.com', '088812349088', '3275076559872', 'citraanin', 'citraanin'),
('CST1908015', 'Cecep Trisna W', 'Jalan Kayumanis 1 blok AE 25. Bekasi Timur', 'cecepecep@gmail.com', '081376549078', '3275090908765', 'cecepycep', 'cecepycep'),
('CST1908016', 'Cecilia Ardi', 'Jalan alamanta VI Blok CA, Bekasi Timur', 'ceciliaard12@gmail.com', '081255446754', '327501278942', 'cecilliaard', 'cecilliaard'),
('CST1908017', 'Celindra Alamanta', 'Jalan pulo gebang timur 1, CA 6. Bekasi Utara.', 'cellindraalaman@gmail.com', '081289761212', '3275034345409', 'cellindraman', 'cellindraman'),
('CST1908018', 'Deni Dalimunte', 'Jalan angkasa putra, no 6. Bekasi Timur.', 'denidalimun@gmail.com', '083812129078', '327509078456', 'denidalimun', 'denidalimun'),
('CST1908019', 'Denada Putri', 'Jln mawar 1 blok AE 4, Jakarta Timur.', 'denada319@gmail.com', '081376547896', '3275012345678', 'denada319', 'denada319'),
('CST1908020', 'Delly Marieska', 'Jalan pasundan IV no 4 A, Bekasi Selatan.', 'dellydel@gmail.com', '087876548967', '327501234876', 'dellymaries', 'dellymaries'),
('CST1908021', 'Derandra Widya', 'Jalan marwah III no IX A, Bekasi Timur', 'derandra90@gmail.com', '089578659012', '32750896712', 'deraandr123', 'deraandr123'),
('CST1908022', 'Eno Subarek', 'Jalan Paripurna XII no 46, Jakarta Timur.', 'enosubarek@gmail.com', '081388129071', '3275076541212', 'enoeno123', 'enoeno123'),
('CST1908023', 'Endang Subagja', 'Jln pangeran antasari barat XII A, Jakarta Timur', 'endangsubag91@gmail.com', '089690907654', '32750767654123', 'endang92', 'endang92'),
('CST1908024', 'Fikri Akbar', 'Jalan Puri Indah 3, Blok CA 21, Bekasi Timur', 'fikriakbar12@gmail.com', '081290907865', '3275012786542', 'fikriakbar90', 'fikriakbar90'),
('CST1908025', 'Ferry Rahmandana', 'Jalan marna putra atas, jatibening dua, Jakarta Timur', 'ferryrahman29@gmail.com', '0888907865', '327509087654', 'ferryrah90', 'ferryrah90'),
('CST1908026', 'Fahri Nugraha', 'Jalan Kesatriaan 1, Blok A no 5, Bekasi Selatan', 'faahrinug@gmail.com', '081290781234', '3275065432', 'fahrinug95', 'fahrinug95'),
('CST1908027', 'Ghani Fernando', 'Jalan beringharjo XII Blok W No 7, Jakarta Timur', 'ghanigaan12@gmail.com', '085290787642', '32750896751', 'ghanigan21', 'ghanigan21'),
('CST1908028', 'Ganindra Bimo', 'Jalan pasirkoja VI no 7, Jakarta Utara', 'ganindraa12@gmail.com', '088833448976', '32750653490', 'ganindra90', 'ganindra90'),
('CST1908029', 'Gerry Mahardika', 'Jalan Cendrawasih XI No 6, Bekasi Selatan', 'gerrymar908@gmail.com', '088890127654', '327506543234', 'geerryy098', 'geerryy098'),
('CST1908030', 'Marcell Andhika', 'Jalan pulo mas XII A, Blok E No 12', 'marceeeeel@gmail.com', '087890128765', '327506547802', 'marcellaaa90', 'marcellaaa90'),
('CST1908031', 'Indra Wahyudi', 'Kp Gusti No. 8 RT 006/05 Petamburan', 'indrawaaaaah61@gmail.com', '085253637890', '3275025802136', 'indrawahyudi12', 'indrawahyudi321');

-- --------------------------------------------------------

--
-- Struktur dari tabel `tbl_mobil`
--

CREATE TABLE IF NOT EXISTS `tbl_mobil` (
  `id_mobil` varchar(15) NOT NULL,
  `nama_mobil` varchar(25) NOT NULL,
  `jenis_mobil` varchar(25) NOT NULL,
  `harga` varchar(12) NOT NULL,
  `kapasitas_penumpang` varchar(25) NOT NULL,
  `gambar` varchar(50) NOT NULL,
  `keterangan` text NOT NULL
) ENGINE=InnoDB DEFAULT CHARSET=latin1;

--
-- Dumping data untuk tabel `tbl_mobil`
--

INSERT INTO `tbl_mobil` (`id_mobil`, `nama_mobil`, `jenis_mobil`, `harga`, `kapasitas_penumpang`, `gambar`, `keterangan`) VALUES
('MBL1908001', 'Toyota Avanza Veloz 2013', 'MPV', '130000000', '7 Orang', 'stream.jpg', 'mobil bagus, cat masih mulus seperti baru, km rendah'),
('MBL1908002', 'Toyota Kijang Innova 2013', 'MPV', '180000000', '8 Orang', 'inova.jpg', 'mobil second like new, blm pernah ganti cat atau yang lainnya'),
('MBL1908003', 'Toyota Fortuner 2013', 'SUV', '270000000', '7 Orang', 'fortuner.jpg', 'hanya perawatan ganti oli, semuanya masih bagus. mesin prima karena pake pertamax terus'),
('MBL1908004', 'Toyota Camry 2012', 'Sedan', '225000000', '5 Orang', 'camry.jpg', 'mobil bekas pejabat kondisi dijamin prima'),
('MBL1908005', 'Toyota Agya 2015', 'City Car', '95000000', '5 Orang', 'agya.jpg', 'lecet pemakaian saja, selebihnya normal. ex pemakaian wanita. hanya antar jemput anak sekolah'),
('MBL1908006', 'Honda HRV 2015', 'SUV', '220000000', '5 Orang', 'hrv.jpg', 'pemakaian 3 tahun, rawatan bengkel'),
('MBL1908007', 'Honda Brio E 2015', 'City Car', '115000000', '4 Orang', 'brio.jpeg', 'mobil hanya dipakai weekend dan selalu pakai pertamax shell'),
('MBL1908008', 'Honda Jazz RS 2014', 'City Car', '160000000', '5 Orang', 'jazz.jpg', 'minus sim mati 2 tahun yang lainnya mulus'),
('MBL1908009', 'Honda Freed E 2015', 'MPV', '205000000', '7 Orang', 'freed.jpg', 'kondisi prima, ada baret mulus'),
('MBL1908010', 'Honda City E 2014 ', 'Sedan', '195000000', '5 Orang', 'city', 'mobil lecet dibagian bumper belakang tp  kalo deal harga bisa di kondisikan'),
('MBL1908011', 'Suzuki APV Arena 2013', 'MPV', '98000000', '8 Orang', 'apv arena.jpg', 'mobil service record bengkel suzuki. dijamin kualitasnya'),
('MBL1908012', 'Suzuki SX4 X-Over 2010', 'SUV', '100000000', '5 Orang', 'sx4 x over.jpg', 'kondisi mobil di bekasi, kalo mau liat barang janjian dulu by wa. baru cod an'),
('MBL1908013', 'Suzuki Swift 2014', 'City Car', '145000000', '5 Orang', 'swift.jpg', 'mobil harian tapi kondisi tetap prima karne selalu minum pertamax'),
('MBL1908014', 'Suzuki Ertiga 2016', 'MPV', '148000000', '7 Orang', 'ertiga.jpg', 'mobil rawatan pribadi dan hanya dipake week end. kondisi dijamin prima'),
('MBL1908015', 'Suzuki Ignis 2017', 'Hatchback', '135000000', '5 Orang', 'ignis.jpg', 'mobil baru 10.000 km . dijual karna ada kebutuhan mendadak. body dijamin mulus'),
('MBL1908016', 'Daihatsu Xenia 2013', 'MPV', '107000000', '7 Orang', 'xenia.jpg', 'sudah ganti kaki2, kelistrikan dan lampu. tapi cat masih ori'),
('MBL1908017', 'Daihatsu Sirion 2015', 'City Car', '105000000', '5 Orang', 'sirion.jpeg', 'sudah ganti ampas kopling dan ban baru.'),
('MBL1908018', 'Daihatsu Terios 2011', 'MPV', '115000000', '8 Orang', 'terios.jpg', 'mobil dari baru, surat2 lengkap sampe kwitansi dan faktur. lecet pemakaian aja'),
('MBL1908019', 'Daihatsu Grand Max 2011', 'MPV', '78000000', '8 Orang', 'grandmax.jpg', 'mobil bekas catering. lecet wajar pada body2 tertentu. nego?pastimya'),
('MBL1908021', 'Hyundai Grand Avega 2011', 'Sedan', '97000000', '5 Orang', 'grand avega.jpg', 'sudah ganti kaki2, cat sudah di repaint dan mesin sudah ada beberapa part yang diganti'),
('MBL1908022', 'Hyundai H-1 2010', 'MPV', '110000000', '11 Orang', 'h-1.jpg', 'mobil keluarga yang nyaman jg ramah dikantong. dieselnya be'),
('MBL1908023', 'Hyundai i20 SG 2011', 'Hatchback', '98000000', '5 Orang', 'i20.jpg', 'Mobil lama namun kondisi prima. rawatan bengkel hyundai. bisa cek mobil dirumah kalau deal'),
('MBL1908024', 'Hyundai Grand i10 GLS 201', 'City Car', '100000000', '5 Orang', 'grand i10.jpg', 'km rendah, mobil ex pemakaian wanita. bebas banjir dan mesin lelah'),
('MBL1908025', 'Hyunda Santa Fe Diesel 20', 'SUV', '237000000', '7 Orang', 'santa fe.jpg', 'sudah pernah ganti aki, ban dan lampu depan. namun km masih rendah'),
('MBL1908026', 'KIA Rio 2013', 'Hatchback', '115000000', '5 Orang', 'kia rio.jpg', 'mobil bekas gak kalah sama rivalnya yaitu honda jazz. kenyamanan bisa dibuktikan. kondisi prima dan km rendah'),
('MBL1908027', 'KIA Picanto 2012', 'City Car', '85000000', '5 Orang', 'picanto.jpg', 'mobil kecil tapi irit, kondisi prima'),
('MBL1908028', 'KIA Carens 2013', 'MPV', '140000000', '7 Orang', 'carens 2013.jpg', 'mobil bekas namun berkualitas. rasa eropa'),
('MBL1908029', 'KIA Sportage SE 2013', 'SUV', '140000000', '5 Orang', 'sportage.jpg', 'suv murah namun berkualitas. berkendara rasa eropa. kondisi prima'),
('MBL1908030', 'KIA Sorento Diesel 2013', 'SUV', '245000000', '7 Orang', 'sorento.jpg', 'SUV rasa korea  yang nyaman namun ramah dikantong. kondisi prima'),
('MBL1908031', 'Daihatsu Ayla 2015', 'City Car', '85000000', '5 Orang', 'ayla.jpg', 'mobil murah meriah namun tidak murahan, baru ganti aki dan ban'),
('MBL1908032', 'Nissan March 2012', 'City Car', '78000000', '5 Orang', 'march.jpg', 'mobil bebas banjir & km tidak diputar. kondisi prima'),
('MBL1908033', 'Nissan X-Trail 2011', 'SUV', '125000000', '7 Orang', 'xtrail st.jpg', 'mesin sehat, cvt / transmisi aman. kaki bar ganti ban dll.'),
('MBL1908034', 'Nissan Grand Livina 2013', 'MPV', '112000000', '7 Orang', 'grand livina.jpg', 'mobil rawatan ex dealer nissan, jarang keluar jauh & km rendah.'),
('MBL1908035', 'Nissan Serena HWS 2010 ', 'MPV', '100000000', '8 Orang', 'serena hws.jpg', 'mobil nyaman, mewah namun harga terjangkau. kaki empuk dan kelistrikan normal.'),
('MBL1908036', 'Nissan Teana XV 2011', 'Sedan', '138000000', '5 Orang', 'teana.jpg', 'sedan mewah, langka dijalan namun irit. kaki nyaman dan gak rewel. cat masih mulus like new'),
('MBL1908037', 'Mitsubshi Mirage 2015', 'City Car', '109000000', '5 Orang', 'mirage.jpg', 'mobil irit dan bertenaga. transmisi bandel, km rendah. '),
('MBL1908038', 'Mitsubshi Outlander Sport', 'SUV', '190000000', '5 Orang', 'outlander sport.jpg', 'suv campact, tapi bertenaga. surat2 lengkap dan cat masih mulus. no minus pokoknya'),
('MBL1908039', 'Mitsubishi Pajero Sport E', 'SUV', '204000000', '7 Orang', 'pajero sport.jpg', 'pemakaian dari baru, udah ganti aki, kaki-kaki. kelistrikan ganti lampu hid depan sm led belakang. sisanya original pabrik'),
('MBL1908040', 'Mitsubishi Xpander Exceed', 'MPV', '198000000', '7 Orang', 'xpander.jpg', 'mobil baru  6 bulan pakai. gajadi pakai karena buat istri, dan istri gasuka. minat wa saja..'),
('MBL1908041', 'Mitsubishi Lancer EX GT 2', 'Sedan', '192000000', '5 Orang', 'lancer ex.jpg', 'lancer terakhir. mulus seperti baru, lihat pasti suka.. semua original seperti baru.'),
('MBL1908042', 'Chevrolet Spin 2013', 'MPV', '103000000', '8 Orang', 'spin.jpg', 'mpv nyaman namun terjangkau. mobil sudah ganti ban 4 4 nya dan aki'),
('MBL1908043', 'Chevrolet Captiva Diesel ', 'SUV', '140000000', '7 Orang', 'captiva diesel.jpg', 'mobil nyaman. warna dan interior mulus seperti baru. ex pemakaian dokter'),
('MBL1908044', 'Chevrolet Aveo 2013', 'City Car', '85000000', '5 Orang', 'aveo.jpg', 'mobil ex pemakaian wanita. mesin halus dan responsif. original sperti baru,'),
('MBL1908045', 'Chevrolet Trailblazer 201', 'SUV', '185000000', '7 Orang', 'trailblazer.jpg', 'suv dengan harga terjangkau namun kulitas dan rasa berkendara  diatas rata rata. '),
('MBL1908046', 'Chevrolet Trax Turbo 2016', 'SUV', '175000000', '5 Orang', 'trax.jpg', 'mobil baru pakai 2 thn. km rendah, dan semua masih original bawaan pabrik.'),
('MBL1908047', 'Datsun Go + Panca 2017', 'MPV', '85000000', '7 Orang', 'datsun go+.jpg', 'mobil baru pakai 2thn hanya utk antar jemput anak sekolah. ex pemakaian ibu rumah tangga, mulus pastinya'),
('MBL1908048', 'Datsun Go  2016', 'MPV', '78000000', '5 Orang', 'datsun go.jpg', 'ganti velg, lampu, accesories dan ban. tapi semuanya original'),
('MBL1908049', 'Wuling Confero S 2017', 'MPV', '125000000', '8 Orang', 'wuling-confero-2017.jpeg', 'mobil pemakaian kurleb 2thn. km rendah tidak diputar. hanya ganti oli dari baru'),
('MBL1908050', 'Ford Ecosport Titanium 20', 'SUV', '135000000', '5 Orang', 'ecosport.jpg', 'mobil premium dari eropa namun harga seperti mobil jepang. transmisi, kaki - kaki dan kelistrikan.'),
('MBL1908051', 'Ford Focus S 2013 ', 'Hatchback', '160000000', '5 Orang', 'focus.jpg', 'Sudah di repaint warna merah, sebelumnya warna hitam, transmisi aman, kelistrikan aman dan kaki kaki nyaman. ');

-- --------------------------------------------------------

--
-- Struktur dari tabel `tbl_pengujian`
--

CREATE TABLE IF NOT EXISTS `tbl_pengujian` (
  `id_pengujian` varchar(15) NOT NULL,
  `tgl` varchar(15) NOT NULL,
  `hari` varchar(15) NOT NULL,
  `jam` varchar(15) NOT NULL,
  `id_customer` varchar(15) NOT NULL,
  `nama_pengujian` varchar(25) NOT NULL,
  `hasil_mobil` text NOT NULL,
  `c1` int(10) NOT NULL,
  `c2` int(10) NOT NULL,
  `c4` varchar(25) NOT NULL,
  `c5` int(11) NOT NULL,
  `c6` varchar(25) NOT NULL,
  `gambar_slip` varchar(30) NOT NULL,
  `no_perusahaan` varchar(30) NOT NULL,
  `catatan` text NOT NULL,
  `jenis_leasing` varchar(30) NOT NULL,
  PRIMARY KEY (`id_pengujian`)
) ENGINE=InnoDB DEFAULT CHARSET=latin1;

--
-- Dumping data untuk tabel `tbl_pengujian`
--

INSERT INTO `tbl_pengujian` (`id_pengujian`, `tgl`, `hari`, `jam`, `id_customer`, `nama_pengujian`, `hasil_mobil`, `c1`, `c2`, `c4`, `c5`, `c6`, `gambar_slip`, `no_perusahaan`, `catatan`, `jenis_leasing`) VALUES
('-', '\r\n--', '', '', '', '-', '', 0, 0, '', 0, '', '', '', '', ''),
('PNG1908005', '2019-08-25', '', '11:36:00', 'CST1908031', 'Pengujian Ibu Suci W', 'Nissan Serena HWS 2010  (3.01),Chevrolet Spin 2013 (5.39),Honda Freed E 2015 (5.4),', 6500000, 35, 'Menumpang', 7, 'MPV', '', '02190988788', 'Permintaan Kredit anda diterima', 'BCA FINANCE'),
('PNG1908006', '2019-08-25', '', '11:47:21', 'CST1908031', 'Pengujian Bpk Dimas W', 'Hyundai i20 SG 2011 (5.21),Hyunda Santa Fe Diesel 20 (6.37),Honda Brio E 2015 (7.08),', 10000000, 50, 'Rumah Sendiri', 9, 'Hatchback', '', '02198907656', 'Permintaan Kredit anda diterima', 'BCA FINANCE'),
('PNG1908007', '2019-08-25', '', '11:54:23', 'CST1908031', 'Pengujian Bpk Suganda', 'Honda City E 2014  (1.08),Mitsubshi Mirage 2015 (1.08),Toyota Agya 2015 (1.23),', 8000000, 25, 'Rumah Sewa', 3, 'Sedan', '', '02195510908', 'Permintaan Kredit anda diterima', 'OTO FINANCE'),
('PNG1908008', '2019-08-25', '', '12:18:34', 'CST1908031', 'Pengujian Ibu Suwarnah', 'Daihatsu Xenia 2013 (0),KIA Carens 2013 (1.17),Nissan Grand Livina 2013 (2.09),', 8500000, 50, 'Menumpang', 3, 'MPV', '', '02154458767', 'Permintaan Kredit anda diterima', 'BCA FINANCE'),
('PNG1908009', '2019-08-25', '', '12:37:58', 'CST1908031', 'Pengujian Bpk Wanda', 'Hyunda Santa Fe Diesel 20 (1.23),Honda Brio E 2015 (3.63),KIA Carens 2013 (5),', 12500000, 50, 'Rumah Sendiri', 4, 'SUV', '', '02198006565', 'Permintaan Kredit anda diterima', 'BCA FINANCE'),
('PNG1908011', '2019-08-25', '', '12:55:33', 'CST1908031', 'Pengujian Ibu Indri Ariya', 'KIA Sportage SE 2013 (3),Nissan X-Trail 2011 (5.83),Mitsubishi Pajero Sport E (5.84),', 6500000, 10, 'Rumah Sendiri', 9, 'City Car', '', '02187775454', 'Permintaan Kredit anda diterima', 'CLIPAN FINANCE'),
('PNG1908012', '2019-08-26', '', '04:18:07', 'CST1908003', 'Pengujian Bpk Anang', 'Hyundai i20 SG 2011 (5.48),Hyunda Santa Fe Diesel 20 (7.29),Honda Brio E 2015 (8.08),', 15000000, 50, 'Rumah Sewa', 10, 'Sedan', '', '02188901224', 'Permintaan Kredit anda diterima', 'BCA FINANCE'),
('PNG1908013', '2019-08-26', '', '04:20:13', 'CST1908016', 'Pengujian Ibu Cecillia', 'Hyundai i20 SG 2011 (5.13),Hyunda Santa Fe Diesel 20 (6.73),Honda Brio E 2015 (7),', 5000000, 50, 'Rumah Sendiri', 9, 'City Car', '', '02198801225', 'Permintaan Kredit anda diterima', 'BCA FINANCE'),
('PNG1908014', '2019-08-26', '', '04:22:32', 'CST1908014', 'Pengujian Bu Citra', 'Daihatsu Ayla 2015 (1.52),Chevrolet Trailblazer 201 (3.63),Toyota Camry 2012 (5.02),', 11500000, 35, 'Rumah Sewa', 2, 'Sedan', '', '02188901255', 'Permintaan Kredit anda diterima', 'BCA FINANCE'),
('PNG1908015', '2019-08-26', '', '04:23:59', 'CST1908019', 'Pengujian Ibu Denada', 'Honda Brio E 2015 (4.02),Hyunda Santa Fe Diesel 20 (4.3),Hyundai i20 SG 2011 (5.4),', 16000000, 50, 'Rumah Sendiri', 6, 'City Car', '', '02155657887', 'Permintaan Kredit anda diterima', 'BCA FINANCE');

-- --------------------------------------------------------

--
-- Struktur dari tabel `tb_admin`
--

CREATE TABLE IF NOT EXISTS `tb_admin` (
  `id_admin` varchar(15) COLLATE latin1_general_ci NOT NULL,
  `nama_admin` varchar(20) COLLATE latin1_general_ci NOT NULL,
  `username` varchar(25) COLLATE latin1_general_ci NOT NULL,
  `password` varchar(25) COLLATE latin1_general_ci NOT NULL,
  `telepon` varchar(15) COLLATE latin1_general_ci NOT NULL,
  `email` varchar(50) COLLATE latin1_general_ci NOT NULL,
  `gambar` varchar(50) COLLATE latin1_general_ci NOT NULL,
  PRIMARY KEY (`id_admin`)
) ENGINE=MyISAM DEFAULT CHARSET=latin1 COLLATE=latin1_general_ci;

--
-- Dumping data untuk tabel `tb_admin`
--

INSERT INTO `tb_admin` (`id_admin`, `nama_admin`, `username`, `password`, `telepon`, `email`, `gambar`) VALUES
('ADM1907001', 'push rank', 'push', 'push', '123', 'pushrank', 'job.jpg'),
('ADM1906003', 'Berry', 'admin', 'admin', '081386801569', 'berrytambramtr@gmail.com', 'job.jpg'),
('ADM1906002', 'aa', 'aa', 'a', '212121', 'wqwqwqw', 'job.jpg'),
('ADM1907002', 'qq', 'qq', 'qq123', '123', 'adasd', 'job.jpg');

-- --------------------------------------------------------

--
-- Struktur dari tabel `tb_dataset`
--

CREATE TABLE IF NOT EXISTS `tb_dataset` (
  `id` int(8) NOT NULL AUTO_INCREMENT,
  `id_mobil` varchar(15) NOT NULL,
  `c1` int(10) NOT NULL,
  `c2` int(10) NOT NULL,
  `c4` varchar(15) NOT NULL,
  `c5` int(15) NOT NULL,
  `c6` varchar(15) NOT NULL,
  `catatan` varchar(30) NOT NULL,
  PRIMARY KEY (`id`)
) ENGINE=InnoDB  DEFAULT CHARSET=latin1 AUTO_INCREMENT=92 ;

--
-- Dumping data untuk tabel `tb_dataset`
--

INSERT INTO `tb_dataset` (`id`, `id_mobil`, `c1`, `c2`, `c4`, `c5`, `c6`, `catatan`) VALUES
(40, 'MBL1908001', 6000000, 25, 'Rumah Sewa', 6, 'MPV', ''),
(42, 'MBL1908002', 6500000, 15, 'Rumah Sendiri', 6, 'MPV', ''),
(43, 'MBL1908003', 3500000, 30, 'Rumah Sewa', 3, 'SUV', ''),
(44, 'MBL1908004', 6000000, 40, 'Rumah Sendiri', 2, 'Sedan', ''),
(45, 'MBL1908005', 1000000, 25, 'Rumah Sendiri', 3, 'City Car', ''),
(46, 'MBL1908006', 4000000, 20, 'Rumah Sewa', 3, 'SUV', ''),
(47, 'MBL1908007', 4500000, 50, 'Rumah Sendiri', 2, 'City Car', ''),
(48, 'MBL1908008', 4000000, 40, 'Rumah Sendiri', 3, 'Hatchback', ''),
(49, 'MBL1908009', 4200000, 30, 'Rumah Sewa', 5, 'MPV', ''),
(50, 'MBL1908010', 5500000, 25, 'Rumah Sendiri', 4, 'Sedan', ''),
(51, 'MBL1908011', 4400000, 40, 'Menumpang', 2, 'MPV', ''),
(52, 'MBL1908012', 3800000, 30, 'Menumpang', 3, 'SUV', ''),
(53, 'MBL1908013', 8000000, 20, 'Menumpang', 5, 'City Car', ''),
(54, 'MBL1908014', 4200000, 25, 'Menumpang', 2, 'MPV', ''),
(55, 'MBL1908015', 13000000, 30, 'Rumah Sendiri', 10, 'City Car', ''),
(56, 'MBL1908016', 5500000, 50, 'Menumpang', 3, 'MPV', ''),
(57, 'MBL1908017', 8000000, 30, 'Rumah Sendiri', 5, 'City Car', ''),
(58, 'MBL1908018', 5000000, 15, 'Menumpang', 7, 'SUV', ''),
(59, 'MBL1908019', 3800000, 25, 'Menumpang', 4, 'MPV', ''),
(60, 'MBL1908021', 8000000, 25, 'Menumpang', 5, 'Hatchback', ''),
(61, 'MBL1908022', 6500000, 30, 'Rumah Sendiri', 3, 'MPV', ''),
(62, 'MBL1908023', 7500000, 45, 'Rumah Sewa', 8, 'City Car', ''),
(63, 'MBL1908024', 2500000, 40, 'Rumah Sewa', 5, 'City Car', ''),
(64, 'MBL1908025', 3800000, 50, 'Menumpang', 3, 'SUV', ''),
(65, 'MBL1908026', 4500000, 25, 'Rumah Sewa', 7, 'Hatchback', ''),
(66, 'MBL1908027', 8000000, 30, 'Rumah Sendiri', 8, 'City Car', ''),
(67, 'MBL1908028', 18000000, 50, 'Rumah Sendiri', 4, 'MPV', ''),
(68, 'MBL1908030', 13000000, 25, 'Rumah Sendiri', 3, 'SUV', ''),
(69, 'MBL1908031', 4400000, 35, 'Rumah Sendiri', 3, 'City Car', ''),
(70, 'MBL1908032', 4500000, 40, 'Rumah Sewa', 2, 'City Car', ''),
(71, 'MBL1908033', 7500000, 10, 'Rumah Sendiri', 4, 'SUV', ''),
(72, 'MBL1908034', 10000000, 50, 'Rumah Sendiri', 5, 'MPV', ''),
(73, 'MBL1908035', 8000000, 35, 'Rumah Sewa', 10, 'MPV', ''),
(74, 'MBL1908036', 5500000, 40, 'Menumpang', 7, 'Sedan', ''),
(75, 'MBL1908037', 4800000, 25, 'Rumah Sewa', 3, 'City Car', ''),
(77, 'MBL1908038', 5000000, 10, 'Menumpang', 2, 'SUV', ''),
(78, 'MBL1908039', 3800000, 10, 'Rumah Sendiri', 4, 'SUV', ''),
(79, 'MBL1908040', 5000000, 25, 'Rumah Sewa', 5, 'MPV', ''),
(80, 'MBL1908041', 9000000, 35, 'Rumah Sendiri', 7, 'Sedan', ''),
(81, 'MBL1908042', 5500000, 40, 'Menumpang', 5, 'MPV', ''),
(82, 'MBL1908043', 6200000, 25, 'Rumah Sewa', 10, 'SUV', ''),
(83, 'MBL1908044', 8400000, 15, 'Rumah Sendiri', 2, 'City Car', ''),
(84, 'MBL1908045', 5000000, 35, 'Menumpang', 5, 'SUV', ''),
(85, 'MBL1908046', 5100000, 25, 'Rumah Sewa', 4, 'SUV', ''),
(86, 'MBL1908047', 5550000, 25, 'Rumah Sendiri', 5, 'MPV', ''),
(87, 'MBL1908048', 6000000, 20, 'Menumpang', 2, 'City Car', ''),
(88, 'MBL1908049', 15000000, 40, 'Rumah Sendiri', 10, 'MPV', ''),
(89, 'MBL1908050', 6300000, 15, 'Rumah Sewa', 7, 'SUV', ''),
(90, 'MBL1908051', 10500000, 15, 'Rumah Sewa', 4, 'Hatchback', ''),
(91, 'MBL1908029', 10800000, 10, 'Rumah Sendiri', 9, 'SUV', '');

-- --------------------------------------------------------

--
-- Struktur dari tabel `tb_hasil`
--

CREATE TABLE IF NOT EXISTS `tb_hasil` (
  `id_hasil` int(8) NOT NULL AUTO_INCREMENT,
  `id_pengujian` varchar(15) NOT NULL,
  `id_mobil` varchar(200) NOT NULL,
  `rekapitulasi` text NOT NULL,
  `bobot` float NOT NULL,
  `ranking` int(3) NOT NULL,
  `keterangan` text NOT NULL,
  PRIMARY KEY (`id_hasil`)
) ENGINE=InnoDB  DEFAULT CHARSET=latin1 AUTO_INCREMENT=7910 ;

--
-- Dumping data untuk tabel `tb_hasil`
--

INSERT INTO `tb_hasil` (`id_hasil`, `id_pengujian`, `id_mobil`, `rekapitulasi`, `bobot`, `ranking`, `keterangan`) VALUES
(3105, 'PNG1907034', 'MBL1906004', '(0.9-0.9)<sup>2</sup> + (40-10)<sup>2</sup>  + (0.5-0.3)<sup>2</sup> + (0-5)<sup>2</sup> + (12-7)<sup>2</sup> <sup>0.5</sup>', 130.82, 27, 'Pengujian Vie Webserver'),
(3106, 'PNG1907034', 'MBL1906008', '(0.5-0.9)<sup>2</sup> + (40-10)<sup>2</sup>  + (0.3-0.3)<sup>2</sup> + (0-5)<sup>2</sup> + (12-7)<sup>2</sup> <sup>0.5</sup>', 130.82, 28, 'Pengujian Vie Webserver'),
(3107, 'PNG1907034', 'MBL1906024', '(0.9-0.9)<sup>2</sup> + (40-10)<sup>2</sup>  + (0.9-0.3)<sup>2</sup> + (0-5)<sup>2</sup> + (12-7)<sup>2</sup> <sup>0.5</sup>', 130.83, 29, 'Pengujian Vie Webserver'),
(3108, 'PNG1907034', 'MBL1906025', '(0.9-0.9)<sup>2</sup> + (50-10)<sup>2</sup>  + (0.3-0.3)<sup>2</sup> + (0-5)<sup>2</sup> + (5-7)<sup>2</sup> <sup>0.5</sup>', 140.36, 30, 'Pengujian Vie Webserver'),
(3109, 'PNG1907034', 'MBL1906002', '(0.9-0.9)<sup>2</sup> + (50-10)<sup>2</sup>  + (0.9-0.3)<sup>2</sup> + (0-5)<sup>2</sup> + (5-7)<sup>2</sup> <sup>0.5</sup>', 140.37, 31, 'Pengujian Vie Webserver'),
(3110, 'PNG1907034', 'MBL1906030', '(0.9-0.9)<sup>2</sup> + (50-10)<sup>2</sup>  + (0.3-0.3)<sup>2</sup> + (0-5)<sup>2</sup> + (4-7)<sup>2</sup> <sup>0.5</sup>', 140.42, 32, 'Pengujian Vie Webserver'),
(3111, 'PNG1907034', 'MBL1906007', '(0.5-0.9)<sup>2</sup> + (50-10)<sup>2</sup>  + (0.9-0.3)<sup>2</sup> + (0-5)<sup>2</sup> + (4-7)<sup>2</sup> <sup>0.5</sup>', 140.43, 33, 'Pengujian Vie Webserver'),
(3112, 'PNG1907034', 'MBL1906003', '(0.5-0.9)<sup>2</sup> + (50-10)<sup>2</sup>  + (--0.3)<sup>2</sup> + (0-5)<sup>2</sup> + (12-7)<sup>2</sup> <sup>0.5</sup>', 140.62, 34, 'Pengujian Vie Webserver'),
(3657, 'PNG1907012', 'MBL1906022', '(0.9-0.3)<sup>2</sup> + (10-10%)<sup>2</sup> + (0.3-0.3)<sup>2</sup> + (0- - )<sup>2</sup> + (4-4)<sup>2</sup> <sup>0.5</sup>', 0.6, 1, 'Daihatsu Ayla 2015 (Bobot: 0.6), Nissan March 2012 (Bobot: 0.63), KIA Picanto 2012 (Bobot: 5.05)'),
(3658, 'PNG1907012', 'MBL1906027', '(0.5-0.3)<sup>2</sup> + (10-10%)<sup>2</sup> + (0.9-0.3)<sup>2</sup> + (0- - )<sup>2</sup> + (4-4)<sup>2</sup> <sup>0.5</sup>', 0.63, 2, 'Daihatsu Ayla 2015 (Bobot: 0.6), Nissan March 2012 (Bobot: 0.63), KIA Picanto 2012 (Bobot: 5.05)'),
(3659, 'PNG1907012', 'MBL1906026', '(0.7-0.3)<sup>2</sup> + (15-10%)<sup>2</sup> + (0.9-0.3)<sup>2</sup> + (0- - )<sup>2</sup> + (4-4)<sup>2</sup> <sup>0.5</sup>', 5.05, 3, 'Daihatsu Ayla 2015 (Bobot: 0.6), Nissan March 2012 (Bobot: 0.63), KIA Picanto 2012 (Bobot: 5.05)'),
(3660, 'PNG1907012', 'MBL1906006', '(0.7-0.3)<sup>2</sup> + (15-10%)<sup>2</sup> + (0.9-0.3)<sup>2</sup> + (0- - )<sup>2</sup> + (5-4)<sup>2</sup> <sup>0.5</sup>', 5.15, 4, 'Daihatsu Ayla 2015 (Bobot: 0.6), Nissan March 2012 (Bobot: 0.63), KIA Picanto 2012 (Bobot: 5.05)'),
(3661, 'PNG1907012', 'MBL1906001', '(0.9-0.3)<sup>2</sup> + (15-10%)<sup>2</sup> + (0.3-0.3)<sup>2</sup> + (5- - )<sup>2</sup> + (7-4)<sup>2</sup> <sup>0.5</sup>', 7.7, 5, 'Daihatsu Ayla 2015 (Bobot: 0.6), Nissan March 2012 (Bobot: 0.63), KIA Picanto 2012 (Bobot: 5.05)'),
(3662, 'PNG1907012', 'MBL1906001', '(0.9-0.3)<sup>2</sup> + (10-10%)<sup>2</sup> + (0.3-0.3)<sup>2</sup> + (0- - )<sup>2</sup> + (12-4)<sup>2</sup> <sup>0.5</sup>', 8.02, 6, 'Daihatsu Ayla 2015 (Bobot: 0.6), Nissan March 2012 (Bobot: 0.63), KIA Picanto 2012 (Bobot: 5.05)'),
(3663, 'PNG1907012', 'MBL1906018', '(0.9-0.3)<sup>2</sup> + (10-10%)<sup>2</sup> + (0.5-0.3)<sup>2</sup> + (0- - )<sup>2</sup> + (12-4)<sup>2</sup> <sup>0.5</sup>', 8.02, 7, 'Daihatsu Ayla 2015 (Bobot: 0.6), Nissan March 2012 (Bobot: 0.63), KIA Picanto 2012 (Bobot: 5.05)'),
(3664, 'PNG1907012', 'MBL1906011', '(0.5-0.3)<sup>2</sup> + (15-10%)<sup>2</sup> + (0.9-0.3)<sup>2</sup> + (0- - )<sup>2</sup> + (12-4)<sup>2</sup> <sup>0.5</sup>', 9.46, 8, 'Daihatsu Ayla 2015 (Bobot: 0.6), Nissan March 2012 (Bobot: 0.63), KIA Picanto 2012 (Bobot: 5.05)'),
(3665, 'PNG1907012', 'MBL1906013', '(0.9-0.3)<sup>2</sup> + (15-10%)<sup>2</sup> + (0.9-0.3)<sup>2</sup> + (0- - )<sup>2</sup> + (12-4)<sup>2</sup> <sup>0.5</sup>', 9.47, 9, 'Daihatsu Ayla 2015 (Bobot: 0.6), Nissan March 2012 (Bobot: 0.63), KIA Picanto 2012 (Bobot: 5.05)'),
(3666, 'PNG1907012', 'MBL1906001', '(0.7-0.3)<sup>2</sup> + (20-10%)<sup>2</sup> + (0.3-0.3)<sup>2</sup> + (0- - )<sup>2</sup> + (5-4)<sup>2</sup> <sup>0.5</sup>', 10.06, 10, 'Daihatsu Ayla 2015 (Bobot: 0.6), Nissan March 2012 (Bobot: 0.63), KIA Picanto 2012 (Bobot: 5.05)'),
(3667, 'PNG1907012', 'MBL1906002', '(0.5-0.3)<sup>2</sup> + (10-10%)<sup>2</sup> + (0.9-0.3)<sup>2</sup> + (10- - )<sup>2</sup> + (5-4)<sup>2</sup> <sup>0.5</sup>', 10.07, 11, 'Daihatsu Ayla 2015 (Bobot: 0.6), Nissan March 2012 (Bobot: 0.63), KIA Picanto 2012 (Bobot: 5.05)'),
(3668, 'PNG1907012', 'MBL1906014', '(0.5-0.3)<sup>2</sup> + (20-10%)<sup>2</sup> + (0.9-0.3)<sup>2</sup> + (0- - )<sup>2</sup> + (7-4)<sup>2</sup> <sup>0.5</sup>', 10.46, 12, 'Daihatsu Ayla 2015 (Bobot: 0.6), Nissan March 2012 (Bobot: 0.63), KIA Picanto 2012 (Bobot: 5.05)'),
(3669, 'PNG1907012', 'MBL1906029', '(0.9-0.3)<sup>2</sup> + (20-10%)<sup>2</sup> + (0.9-0.3)<sup>2</sup> + (0- - )<sup>2</sup> + (12-4)<sup>2</sup> <sup>0.5</sup>', 12.83, 13, 'Daihatsu Ayla 2015 (Bobot: 0.6), Nissan March 2012 (Bobot: 0.63), KIA Picanto 2012 (Bobot: 5.05)'),
(3670, 'PNG1907012', 'MBL1906023', '(0.7-0.3)<sup>2</sup> + (25-10%)<sup>2</sup> + (0.5-0.3)<sup>2</sup> + (0- - )<sup>2</sup> + (5-4)<sup>2</sup> <sup>0.5</sup>', 15.04, 14, 'Daihatsu Ayla 2015 (Bobot: 0.6), Nissan March 2012 (Bobot: 0.63), KIA Picanto 2012 (Bobot: 5.05)'),
(3671, 'PNG1907012', 'MBL1906016', '(0.5-0.3)<sup>2</sup> + (25-10%)<sup>2</sup> + (--0.3)<sup>2</sup> + (0- - )<sup>2</sup> + (12-4)<sup>2</sup> <sup>0.5</sup>', 17, 15, 'Daihatsu Ayla 2015 (Bobot: 0.6), Nissan March 2012 (Bobot: 0.63), KIA Picanto 2012 (Bobot: 5.05)'),
(3672, 'PNG1907012', 'MBL1906009', '(0.5-0.3)<sup>2</sup> + (30-10%)<sup>2</sup> + (0.9-0.3)<sup>2</sup> + (0- - )<sup>2</sup> + (4-4)<sup>2</sup> <sup>0.5</sup>', 20.01, 16, 'Daihatsu Ayla 2015 (Bobot: 0.6), Nissan March 2012 (Bobot: 0.63), KIA Picanto 2012 (Bobot: 5.05)'),
(3673, 'PNG1907012', 'MBL1906010', '(0.9-0.3)<sup>2</sup> + (30-10%)<sup>2</sup> + (0.5-0.3)<sup>2</sup> + (0- - )<sup>2</sup> + (5-4)<sup>2</sup> <sup>0.5</sup>', 20.03, 17, 'Daihatsu Ayla 2015 (Bobot: 0.6), Nissan March 2012 (Bobot: 0.63), KIA Picanto 2012 (Bobot: 5.05)'),
(3674, 'PNG1907012', 'MBL1906017', '(0.5-0.3)<sup>2</sup> + (30-10%)<sup>2</sup> + (0.9-0.3)<sup>2</sup> + (0- - )<sup>2</sup> + (5-4)<sup>2</sup> <sup>0.5</sup>', 20.03, 18, 'Daihatsu Ayla 2015 (Bobot: 0.6), Nissan March 2012 (Bobot: 0.63), KIA Picanto 2012 (Bobot: 5.05)'),
(3675, 'PNG1907012', 'MBL1906015', '(0.7-0.3)<sup>2</sup> + (30-10%)<sup>2</sup> + (0.9-0.3)<sup>2</sup> + (0- - )<sup>2</sup> + (5-4)<sup>2</sup> <sup>0.5</sup>', 20.04, 19, 'Daihatsu Ayla 2015 (Bobot: 0.6), Nissan March 2012 (Bobot: 0.63), KIA Picanto 2012 (Bobot: 5.05)'),
(3676, 'PNG1907012', 'MBL1906031', '(0.9-0.3)<sup>2</sup> + (30-10%)<sup>2</sup> + (0.9-0.3)<sup>2</sup> + (0- - )<sup>2</sup> + (7-4)<sup>2</sup> <sup>0.5</sup>', 20.24, 20, 'Daihatsu Ayla 2015 (Bobot: 0.6), Nissan March 2012 (Bobot: 0.63), KIA Picanto 2012 (Bobot: 5.05)'),
(3677, 'PNG1907012', 'MBL1906021', '(0.1-0.3)<sup>2</sup> + (30-10%)<sup>2</sup> + (0.5-0.3)<sup>2</sup> + (0- - )<sup>2</sup> + (12-4)<sup>2</sup> <sup>0.5</sup>', 21.54, 21, 'Daihatsu Ayla 2015 (Bobot: 0.6), Nissan March 2012 (Bobot: 0.63), KIA Picanto 2012 (Bobot: 5.05)'),
(3678, 'PNG1907012', 'MBL1906005', '(0.9-0.3)<sup>2</sup> + (35-10%)<sup>2</sup> + (0.5-0.3)<sup>2</sup> + (0- - )<sup>2</sup> + (7-4)<sup>2</sup> <sup>0.5</sup>', 25.19, 22, 'Daihatsu Ayla 2015 (Bobot: 0.6), Nissan March 2012 (Bobot: 0.63), KIA Picanto 2012 (Bobot: 5.05)'),
(3679, 'PNG1907012', 'MBL1906020', '(0.9-0.3)<sup>2</sup> + (35-10%)<sup>2</sup> + (0.9-0.3)<sup>2</sup> + (0- - )<sup>2</sup> + (7-4)<sup>2</sup> <sup>0.5</sup>', 25.19, 23, 'Daihatsu Ayla 2015 (Bobot: 0.6), Nissan March 2012 (Bobot: 0.63), KIA Picanto 2012 (Bobot: 5.05)'),
(3680, 'PNG1907012', 'MBL1906019', '(0.7-0.3)<sup>2</sup> + (40-10%)<sup>2</sup> + (--0.3)<sup>2</sup> + (0- - )<sup>2</sup> + (4-4)<sup>2</sup> <sup>0.5</sup>', 30, 24, 'Daihatsu Ayla 2015 (Bobot: 0.6), Nissan March 2012 (Bobot: 0.63), KIA Picanto 2012 (Bobot: 5.05)'),
(3681, 'PNG1907012', 'MBL1906012', '(0.9-0.3)<sup>2</sup> + (40-10%)<sup>2</sup> + (0.5-0.3)<sup>2</sup> + (0- - )<sup>2</sup> + (5-4)<sup>2</sup> <sup>0.5</sup>', 30.02, 25, 'Daihatsu Ayla 2015 (Bobot: 0.6), Nissan March 2012 (Bobot: 0.63), KIA Picanto 2012 (Bobot: 5.05)'),
(3682, 'PNG1907012', 'MBL1906028', '(0.9-0.3)<sup>2</sup> + (40-10%)<sup>2</sup> + (0.3-0.3)<sup>2</sup> + (0- - )<sup>2</sup> + (7-4)<sup>2</sup> <sup>0.5</sup>', 30.16, 26, 'Daihatsu Ayla 2015 (Bobot: 0.6), Nissan March 2012 (Bobot: 0.63), KIA Picanto 2012 (Bobot: 5.05)'),
(3683, 'PNG1907012', 'MBL1906004', '(0.7-0.3)<sup>2</sup> + (40-10%)<sup>2</sup> + (0.5-0.3)<sup>2</sup> + (0- - )<sup>2</sup> + (12-4)<sup>2</sup> <sup>0.5</sup>', 31.05, 27, 'Daihatsu Ayla 2015 (Bobot: 0.6), Nissan March 2012 (Bobot: 0.63), KIA Picanto 2012 (Bobot: 5.05)'),
(3684, 'PNG1907012', 'MBL1906008', '(0.5-0.3)<sup>2</sup> + (40-10%)<sup>2</sup> + (0.3-0.3)<sup>2</sup> + (0- - )<sup>2</sup> + (12-4)<sup>2</sup> <sup>0.5</sup>', 31.05, 28, 'Daihatsu Ayla 2015 (Bobot: 0.6), Nissan March 2012 (Bobot: 0.63), KIA Picanto 2012 (Bobot: 5.05)'),
(3685, 'PNG1907012', 'MBL1906024', '(0.9-0.3)<sup>2</sup> + (40-10%)<sup>2</sup> + (0.9-0.3)<sup>2</sup> + (0- - )<sup>2</sup> + (12-4)<sup>2</sup> <sup>0.5</sup>', 31.06, 29, 'Daihatsu Ayla 2015 (Bobot: 0.6), Nissan March 2012 (Bobot: 0.63), KIA Picanto 2012 (Bobot: 5.05)'),
(3686, 'PNG1907012', 'MBL1906007', '(0.5-0.3)<sup>2</sup> + (50-10%)<sup>2</sup> + (0.9-0.3)<sup>2</sup> + (0- - )<sup>2</sup> + (4-4)<sup>2</sup> <sup>0.5</sup>', 40, 30, 'Daihatsu Ayla 2015 (Bobot: 0.6), Nissan March 2012 (Bobot: 0.63), KIA Picanto 2012 (Bobot: 5.05)'),
(3687, 'PNG1907012', 'MBL1906030', '(0.9-0.3)<sup>2</sup> + (50-10%)<sup>2</sup> + (0.3-0.3)<sup>2</sup> + (0- - )<sup>2</sup> + (4-4)<sup>2</sup> <sup>0.5</sup>', 40, 31, 'Daihatsu Ayla 2015 (Bobot: 0.6), Nissan March 2012 (Bobot: 0.63), KIA Picanto 2012 (Bobot: 5.05)'),
(3688, 'PNG1907012', 'MBL1906002', '(0.9-0.3)<sup>2</sup> + (50-10%)<sup>2</sup> + (0.9-0.3)<sup>2</sup> + (0- - )<sup>2</sup> + (5-4)<sup>2</sup> <sup>0.5</sup>', 40.02, 32, 'Daihatsu Ayla 2015 (Bobot: 0.6), Nissan March 2012 (Bobot: 0.63), KIA Picanto 2012 (Bobot: 5.05)'),
(3689, 'PNG1907012', 'MBL1906025', '(0.9-0.3)<sup>2</sup> + (50-10%)<sup>2</sup> + (0.3-0.3)<sup>2</sup> + (0- - )<sup>2</sup> + (5-4)<sup>2</sup> <sup>0.5</sup>', 40.02, 33, 'Daihatsu Ayla 2015 (Bobot: 0.6), Nissan March 2012 (Bobot: 0.63), KIA Picanto 2012 (Bobot: 5.05)'),
(3690, 'PNG1907012', 'MBL1906003', '(0.5-0.3)<sup>2</sup> + (50-10%)<sup>2</sup> + (--0.3)<sup>2</sup> + (0- - )<sup>2</sup> + (12-4)<sup>2</sup> <sup>0.5</sup>', 40.79, 34, 'Daihatsu Ayla 2015 (Bobot: 0.6), Nissan March 2012 (Bobot: 0.63), KIA Picanto 2012 (Bobot: 5.05)'),
(3827, 'PNG1907015', 'MBL1906022', '(0.9-0.3)<sup>2</sup> + (10-10)<sup>2</sup> + (0.3-0.3)<sup>2</sup> + (0-0)<sup>2</sup> + (4-4)<sup>2</sup> <sup>0.5</sup>', 0.6, 1, 'Daihatsu Ayla 2015 (Bobot: 0.6), Nissan March 2012 (Bobot: 0.63), KIA Picanto 2012 (Bobot: 5.05)'),
(3828, 'PNG1907015', 'MBL1906027', '(0.5-0.3)<sup>2</sup> + (10-10)<sup>2</sup> + (0.9-0.3)<sup>2</sup> + (0-0)<sup>2</sup> + (4-4)<sup>2</sup> <sup>0.5</sup>', 0.63, 2, 'Daihatsu Ayla 2015 (Bobot: 0.6), Nissan March 2012 (Bobot: 0.63), KIA Picanto 2012 (Bobot: 5.05)'),
(3829, 'PNG1907015', 'MBL1906026', '(0.7-0.3)<sup>2</sup> + (15-10)<sup>2</sup> + (0.9-0.3)<sup>2</sup> + (0-0)<sup>2</sup> + (4-4)<sup>2</sup> <sup>0.5</sup>', 5.05, 3, 'Daihatsu Ayla 2015 (Bobot: 0.6), Nissan March 2012 (Bobot: 0.63), KIA Picanto 2012 (Bobot: 5.05)'),
(3830, 'PNG1907015', 'MBL1906006', '(0.7-0.3)<sup>2</sup> + (15-10)<sup>2</sup> + (0.9-0.3)<sup>2</sup> + (0-0)<sup>2</sup> + (5-4)<sup>2</sup> <sup>0.5</sup>', 5.15, 4, 'Daihatsu Ayla 2015 (Bobot: 0.6), Nissan March 2012 (Bobot: 0.63), KIA Picanto 2012 (Bobot: 5.05)'),
(3831, 'PNG1907015', 'MBL1906001', '(0.9-0.3)<sup>2</sup> + (15-10)<sup>2</sup> + (0.3-0.3)<sup>2</sup> + (5-0)<sup>2</sup> + (7-4)<sup>2</sup> <sup>0.5</sup>', 7.7, 5, 'Daihatsu Ayla 2015 (Bobot: 0.6), Nissan March 2012 (Bobot: 0.63), KIA Picanto 2012 (Bobot: 5.05)'),
(3832, 'PNG1907015', 'MBL1906001', '(0.9-0.3)<sup>2</sup> + (10-10)<sup>2</sup> + (0.3-0.3)<sup>2</sup> + (0-0)<sup>2</sup> + (12-4)<sup>2</sup> <sup>0.5</sup>', 8.02, 6, 'Daihatsu Ayla 2015 (Bobot: 0.6), Nissan March 2012 (Bobot: 0.63), KIA Picanto 2012 (Bobot: 5.05)'),
(3833, 'PNG1907015', 'MBL1906018', '(0.9-0.3)<sup>2</sup> + (10-10)<sup>2</sup> + (0.5-0.3)<sup>2</sup> + (0-0)<sup>2</sup> + (12-4)<sup>2</sup> <sup>0.5</sup>', 8.02, 7, 'Daihatsu Ayla 2015 (Bobot: 0.6), Nissan March 2012 (Bobot: 0.63), KIA Picanto 2012 (Bobot: 5.05)'),
(3834, 'PNG1907015', 'MBL1906011', '(0.5-0.3)<sup>2</sup> + (15-10)<sup>2</sup> + (0.9-0.3)<sup>2</sup> + (0-0)<sup>2</sup> + (12-4)<sup>2</sup> <sup>0.5</sup>', 9.46, 8, 'Daihatsu Ayla 2015 (Bobot: 0.6), Nissan March 2012 (Bobot: 0.63), KIA Picanto 2012 (Bobot: 5.05)'),
(3835, 'PNG1907015', 'MBL1906013', '(0.9-0.3)<sup>2</sup> + (15-10)<sup>2</sup> + (0.9-0.3)<sup>2</sup> + (0-0)<sup>2</sup> + (12-4)<sup>2</sup> <sup>0.5</sup>', 9.47, 9, 'Daihatsu Ayla 2015 (Bobot: 0.6), Nissan March 2012 (Bobot: 0.63), KIA Picanto 2012 (Bobot: 5.05)'),
(3836, 'PNG1907015', 'MBL1906001', '(0.7-0.3)<sup>2</sup> + (20-10)<sup>2</sup> + (0.3-0.3)<sup>2</sup> + (0-0)<sup>2</sup> + (5-4)<sup>2</sup> <sup>0.5</sup>', 10.06, 10, 'Daihatsu Ayla 2015 (Bobot: 0.6), Nissan March 2012 (Bobot: 0.63), KIA Picanto 2012 (Bobot: 5.05)'),
(3837, 'PNG1907015', 'MBL1906002', '(0.5-0.3)<sup>2</sup> + (10-10)<sup>2</sup> + (0.9-0.3)<sup>2</sup> + (10-0)<sup>2</sup> + (5-4)<sup>2</sup> <sup>0.5</sup>', 10.07, 11, 'Daihatsu Ayla 2015 (Bobot: 0.6), Nissan March 2012 (Bobot: 0.63), KIA Picanto 2012 (Bobot: 5.05)'),
(3838, 'PNG1907015', 'MBL1906014', '(0.5-0.3)<sup>2</sup> + (20-10)<sup>2</sup> + (0.9-0.3)<sup>2</sup> + (0-0)<sup>2</sup> + (7-4)<sup>2</sup> <sup>0.5</sup>', 10.46, 12, 'Daihatsu Ayla 2015 (Bobot: 0.6), Nissan March 2012 (Bobot: 0.63), KIA Picanto 2012 (Bobot: 5.05)'),
(3839, 'PNG1907015', 'MBL1906029', '(0.9-0.3)<sup>2</sup> + (20-10)<sup>2</sup> + (0.9-0.3)<sup>2</sup> + (0-0)<sup>2</sup> + (12-4)<sup>2</sup> <sup>0.5</sup>', 12.83, 13, 'Daihatsu Ayla 2015 (Bobot: 0.6), Nissan March 2012 (Bobot: 0.63), KIA Picanto 2012 (Bobot: 5.05)'),
(3840, 'PNG1907015', 'MBL1906023', '(0.7-0.3)<sup>2</sup> + (25-10)<sup>2</sup> + (0.5-0.3)<sup>2</sup> + (0-0)<sup>2</sup> + (5-4)<sup>2</sup> <sup>0.5</sup>', 15.04, 14, 'Daihatsu Ayla 2015 (Bobot: 0.6), Nissan March 2012 (Bobot: 0.63), KIA Picanto 2012 (Bobot: 5.05)'),
(3841, 'PNG1907015', 'MBL1906016', '(0.5-0.3)<sup>2</sup> + (25-10)<sup>2</sup> + (--0.3)<sup>2</sup> + (0-0)<sup>2</sup> + (12-4)<sup>2</sup> <sup>0.5</sup>', 17, 15, 'Daihatsu Ayla 2015 (Bobot: 0.6), Nissan March 2012 (Bobot: 0.63), KIA Picanto 2012 (Bobot: 5.05)'),
(3842, 'PNG1907015', 'MBL1906009', '(0.5-0.3)<sup>2</sup> + (30-10)<sup>2</sup> + (0.9-0.3)<sup>2</sup> + (0-0)<sup>2</sup> + (4-4)<sup>2</sup> <sup>0.5</sup>', 20.01, 16, 'Daihatsu Ayla 2015 (Bobot: 0.6), Nissan March 2012 (Bobot: 0.63), KIA Picanto 2012 (Bobot: 5.05)'),
(3843, 'PNG1907015', 'MBL1906010', '(0.9-0.3)<sup>2</sup> + (30-10)<sup>2</sup> + (0.5-0.3)<sup>2</sup> + (0-0)<sup>2</sup> + (5-4)<sup>2</sup> <sup>0.5</sup>', 20.03, 17, 'Daihatsu Ayla 2015 (Bobot: 0.6), Nissan March 2012 (Bobot: 0.63), KIA Picanto 2012 (Bobot: 5.05)'),
(3844, 'PNG1907015', 'MBL1906017', '(0.5-0.3)<sup>2</sup> + (30-10)<sup>2</sup> + (0.9-0.3)<sup>2</sup> + (0-0)<sup>2</sup> + (5-4)<sup>2</sup> <sup>0.5</sup>', 20.03, 18, 'Daihatsu Ayla 2015 (Bobot: 0.6), Nissan March 2012 (Bobot: 0.63), KIA Picanto 2012 (Bobot: 5.05)'),
(3845, 'PNG1907015', 'MBL1906015', '(0.7-0.3)<sup>2</sup> + (30-10)<sup>2</sup> + (0.9-0.3)<sup>2</sup> + (0-0)<sup>2</sup> + (5-4)<sup>2</sup> <sup>0.5</sup>', 20.04, 19, 'Daihatsu Ayla 2015 (Bobot: 0.6), Nissan March 2012 (Bobot: 0.63), KIA Picanto 2012 (Bobot: 5.05)'),
(3846, 'PNG1907015', 'MBL1906031', '(0.9-0.3)<sup>2</sup> + (30-10)<sup>2</sup> + (0.9-0.3)<sup>2</sup> + (0-0)<sup>2</sup> + (7-4)<sup>2</sup> <sup>0.5</sup>', 20.24, 20, 'Daihatsu Ayla 2015 (Bobot: 0.6), Nissan March 2012 (Bobot: 0.63), KIA Picanto 2012 (Bobot: 5.05)'),
(3847, 'PNG1907015', 'MBL1906021', '(0.1-0.3)<sup>2</sup> + (30-10)<sup>2</sup> + (0.5-0.3)<sup>2</sup> + (0-0)<sup>2</sup> + (12-4)<sup>2</sup> <sup>0.5</sup>', 21.54, 21, 'Daihatsu Ayla 2015 (Bobot: 0.6), Nissan March 2012 (Bobot: 0.63), KIA Picanto 2012 (Bobot: 5.05)'),
(3848, 'PNG1907015', 'MBL1906005', '(0.9-0.3)<sup>2</sup> + (35-10)<sup>2</sup> + (0.5-0.3)<sup>2</sup> + (0-0)<sup>2</sup> + (7-4)<sup>2</sup> <sup>0.5</sup>', 25.19, 22, 'Daihatsu Ayla 2015 (Bobot: 0.6), Nissan March 2012 (Bobot: 0.63), KIA Picanto 2012 (Bobot: 5.05)'),
(3849, 'PNG1907015', 'MBL1906020', '(0.9-0.3)<sup>2</sup> + (35-10)<sup>2</sup> + (0.9-0.3)<sup>2</sup> + (0-0)<sup>2</sup> + (7-4)<sup>2</sup> <sup>0.5</sup>', 25.19, 23, 'Daihatsu Ayla 2015 (Bobot: 0.6), Nissan March 2012 (Bobot: 0.63), KIA Picanto 2012 (Bobot: 5.05)'),
(3850, 'PNG1907015', 'MBL1906019', '(0.7-0.3)<sup>2</sup> + (40-10)<sup>2</sup> + (--0.3)<sup>2</sup> + (0-0)<sup>2</sup> + (4-4)<sup>2</sup> <sup>0.5</sup>', 30, 24, 'Daihatsu Ayla 2015 (Bobot: 0.6), Nissan March 2012 (Bobot: 0.63), KIA Picanto 2012 (Bobot: 5.05)'),
(3851, 'PNG1907015', 'MBL1906012', '(0.9-0.3)<sup>2</sup> + (40-10)<sup>2</sup> + (0.5-0.3)<sup>2</sup> + (0-0)<sup>2</sup> + (5-4)<sup>2</sup> <sup>0.5</sup>', 30.02, 25, 'Daihatsu Ayla 2015 (Bobot: 0.6), Nissan March 2012 (Bobot: 0.63), KIA Picanto 2012 (Bobot: 5.05)'),
(3852, 'PNG1907015', 'MBL1906028', '(0.9-0.3)<sup>2</sup> + (40-10)<sup>2</sup> + (0.3-0.3)<sup>2</sup> + (0-0)<sup>2</sup> + (7-4)<sup>2</sup> <sup>0.5</sup>', 30.16, 26, 'Daihatsu Ayla 2015 (Bobot: 0.6), Nissan March 2012 (Bobot: 0.63), KIA Picanto 2012 (Bobot: 5.05)'),
(3853, 'PNG1907015', 'MBL1906004', '(0.7-0.3)<sup>2</sup> + (40-10)<sup>2</sup> + (0.5-0.3)<sup>2</sup> + (0-0)<sup>2</sup> + (12-4)<sup>2</sup> <sup>0.5</sup>', 31.05, 27, 'Daihatsu Ayla 2015 (Bobot: 0.6), Nissan March 2012 (Bobot: 0.63), KIA Picanto 2012 (Bobot: 5.05)'),
(3854, 'PNG1907015', 'MBL1906008', '(0.5-0.3)<sup>2</sup> + (40-10)<sup>2</sup> + (0.3-0.3)<sup>2</sup> + (0-0)<sup>2</sup> + (12-4)<sup>2</sup> <sup>0.5</sup>', 31.05, 28, 'Daihatsu Ayla 2015 (Bobot: 0.6), Nissan March 2012 (Bobot: 0.63), KIA Picanto 2012 (Bobot: 5.05)'),
(3855, 'PNG1907015', 'MBL1906024', '(0.9-0.3)<sup>2</sup> + (40-10)<sup>2</sup> + (0.9-0.3)<sup>2</sup> + (0-0)<sup>2</sup> + (12-4)<sup>2</sup> <sup>0.5</sup>', 31.06, 29, 'Daihatsu Ayla 2015 (Bobot: 0.6), Nissan March 2012 (Bobot: 0.63), KIA Picanto 2012 (Bobot: 5.05)'),
(3856, 'PNG1907015', 'MBL1906007', '(0.5-0.3)<sup>2</sup> + (50-10)<sup>2</sup> + (0.9-0.3)<sup>2</sup> + (0-0)<sup>2</sup> + (4-4)<sup>2</sup> <sup>0.5</sup>', 40, 30, 'Daihatsu Ayla 2015 (Bobot: 0.6), Nissan March 2012 (Bobot: 0.63), KIA Picanto 2012 (Bobot: 5.05)'),
(3857, 'PNG1907015', 'MBL1906030', '(0.9-0.3)<sup>2</sup> + (50-10)<sup>2</sup> + (0.3-0.3)<sup>2</sup> + (0-0)<sup>2</sup> + (4-4)<sup>2</sup> <sup>0.5</sup>', 40, 31, 'Daihatsu Ayla 2015 (Bobot: 0.6), Nissan March 2012 (Bobot: 0.63), KIA Picanto 2012 (Bobot: 5.05)'),
(3858, 'PNG1907015', 'MBL1906002', '(0.9-0.3)<sup>2</sup> + (50-10)<sup>2</sup> + (0.9-0.3)<sup>2</sup> + (0-0)<sup>2</sup> + (5-4)<sup>2</sup> <sup>0.5</sup>', 40.02, 32, 'Daihatsu Ayla 2015 (Bobot: 0.6), Nissan March 2012 (Bobot: 0.63), KIA Picanto 2012 (Bobot: 5.05)'),
(3859, 'PNG1907015', 'MBL1906025', '(0.9-0.3)<sup>2</sup> + (50-10)<sup>2</sup> + (0.3-0.3)<sup>2</sup> + (0-0)<sup>2</sup> + (5-4)<sup>2</sup> <sup>0.5</sup>', 40.02, 33, 'Daihatsu Ayla 2015 (Bobot: 0.6), Nissan March 2012 (Bobot: 0.63), KIA Picanto 2012 (Bobot: 5.05)'),
(3860, 'PNG1907015', 'MBL1906003', '(0.5-0.3)<sup>2</sup> + (50-10)<sup>2</sup> + (--0.3)<sup>2</sup> + (0-0)<sup>2</sup> + (12-4)<sup>2</sup> <sup>0.5</sup>', 40.79, 34, 'Daihatsu Ayla 2015 (Bobot: 0.6), Nissan March 2012 (Bobot: 0.63), KIA Picanto 2012 (Bobot: 5.05)'),
(3861, 'PNG1907016', 'MBL1906002', '(0.5-0.9)<sup>2</sup> + (10-10%)<sup>2</sup> + (0.9-0.3)<sup>2</sup> + (10-6)<sup>2</sup> + (5-7)<sup>2</sup> <sup>0.5</sup>', 4.53, 1, 'BMW 318i 2006 (Bobot: 4.53), Honda Jazz (Bobot: 5.1), Daihatsu Ayla 2015 (Bobot: 6.71)'),
(3862, 'PNG1907016', 'MBL1906001', '(0.9-0.9)<sup>2</sup> + (15-10%)<sup>2</sup> + (0.3-0.3)<sup>2</sup> + (5-6)<sup>2</sup> + (7-7)<sup>2</sup> <sup>0.5</sup>', 5.1, 2, 'BMW 318i 2006 (Bobot: 4.53), Honda Jazz (Bobot: 5.1), Daihatsu Ayla 2015 (Bobot: 6.71)'),
(3863, 'PNG1907016', 'MBL1906022', '(0.9-0.9)<sup>2</sup> + (10-10%)<sup>2</sup> + (0.3-0.3)<sup>2</sup> + (0-6)<sup>2</sup> + (4-7)<sup>2</sup> <sup>0.5</sup>', 6.71, 3, 'BMW 318i 2006 (Bobot: 4.53), Honda Jazz (Bobot: 5.1), Daihatsu Ayla 2015 (Bobot: 6.71)'),
(3864, 'PNG1907016', 'MBL1906027', '(0.5-0.9)<sup>2</sup> + (10-10%)<sup>2</sup> + (0.9-0.3)<sup>2</sup> + (0-6)<sup>2</sup> + (4-7)<sup>2</sup> <sup>0.5</sup>', 6.75, 4, 'BMW 318i 2006 (Bobot: 4.53), Honda Jazz (Bobot: 5.1), Daihatsu Ayla 2015 (Bobot: 6.71)'),
(3865, 'PNG1907016', 'MBL1906001', '(0.9-0.9)<sup>2</sup> + (10-10%)<sup>2</sup> + (0.3-0.3)<sup>2</sup> + (0-6)<sup>2</sup> + (12-7)<sup>2</sup> <sup>0.5</sup>', 7.81, 5, 'BMW 318i 2006 (Bobot: 4.53), Honda Jazz (Bobot: 5.1), Daihatsu Ayla 2015 (Bobot: 6.71)'),
(3866, 'PNG1907016', 'MBL1906018', '(0.9-0.9)<sup>2</sup> + (10-10%)<sup>2</sup> + (0.5-0.3)<sup>2</sup> + (0-6)<sup>2</sup> + (12-7)<sup>2</sup> <sup>0.5</sup>', 7.81, 6, 'BMW 318i 2006 (Bobot: 4.53), Honda Jazz (Bobot: 5.1), Daihatsu Ayla 2015 (Bobot: 6.71)'),
(3867, 'PNG1907016', 'MBL1906006', '(0.7-0.9)<sup>2</sup> + (15-10%)<sup>2</sup> + (0.9-0.3)<sup>2</sup> + (0-6)<sup>2</sup> + (5-7)<sup>2</sup> <sup>0.5</sup>', 8.09, 7, 'BMW 318i 2006 (Bobot: 4.53), Honda Jazz (Bobot: 5.1), Daihatsu Ayla 2015 (Bobot: 6.71)'),
(3868, 'PNG1907016', 'MBL1906026', '(0.7-0.9)<sup>2</sup> + (15-10%)<sup>2</sup> + (0.9-0.3)<sup>2</sup> + (0-6)<sup>2</sup> + (4-7)<sup>2</sup> <sup>0.5</sup>', 8.39, 8, 'BMW 318i 2006 (Bobot: 4.53), Honda Jazz (Bobot: 5.1), Daihatsu Ayla 2015 (Bobot: 6.71)'),
(3869, 'PNG1907016', 'MBL1906013', '(0.9-0.9)<sup>2</sup> + (15-10%)<sup>2</sup> + (0.9-0.3)<sup>2</sup> + (0-6)<sup>2</sup> + (12-7)<sup>2</sup> <sup>0.5</sup>', 9.29, 9, 'BMW 318i 2006 (Bobot: 4.53), Honda Jazz (Bobot: 5.1), Daihatsu Ayla 2015 (Bobot: 6.71)'),
(3870, 'PNG1907016', 'MBL1906011', '(0.5-0.9)<sup>2</sup> + (15-10%)<sup>2</sup> + (0.9-0.3)<sup>2</sup> + (0-6)<sup>2</sup> + (12-7)<sup>2</sup> <sup>0.5</sup>', 9.3, 10, 'BMW 318i 2006 (Bobot: 4.53), Honda Jazz (Bobot: 5.1), Daihatsu Ayla 2015 (Bobot: 6.71)'),
(3871, 'PNG1907016', 'MBL1906014', '(0.5-0.9)<sup>2</sup> + (20-10%)<sup>2</sup> + (0.9-0.3)<sup>2</sup> + (0-6)<sup>2</sup> + (7-7)<sup>2</sup> <sup>0.5</sup>', 11.68, 11, 'BMW 318i 2006 (Bobot: 4.53), Honda Jazz (Bobot: 5.1), Daihatsu Ayla 2015 (Bobot: 6.71)'),
(3872, 'PNG1907016', 'MBL1906001', '(0.7-0.9)<sup>2</sup> + (20-10%)<sup>2</sup> + (0.3-0.3)<sup>2</sup> + (0-6)<sup>2</sup> + (5-7)<sup>2</sup> <sup>0.5</sup>', 11.83, 12, 'BMW 318i 2006 (Bobot: 4.53), Honda Jazz (Bobot: 5.1), Daihatsu Ayla 2015 (Bobot: 6.71)'),
(3873, 'PNG1907016', 'MBL1906029', '(0.9-0.9)<sup>2</sup> + (20-10%)<sup>2</sup> + (0.9-0.3)<sup>2</sup> + (0-6)<sup>2</sup> + (12-7)<sup>2</sup> <sup>0.5</sup>', 12.7, 13, 'BMW 318i 2006 (Bobot: 4.53), Honda Jazz (Bobot: 5.1), Daihatsu Ayla 2015 (Bobot: 6.71)'),
(3874, 'PNG1907016', 'MBL1906023', '(0.7-0.9)<sup>2</sup> + (25-10%)<sup>2</sup> + (0.5-0.3)<sup>2</sup> + (0-6)<sup>2</sup> + (5-7)<sup>2</sup> <sup>0.5</sup>', 16.28, 14, 'BMW 318i 2006 (Bobot: 4.53), Honda Jazz (Bobot: 5.1), Daihatsu Ayla 2015 (Bobot: 6.71)'),
(3875, 'PNG1907016', 'MBL1906016', '(0.5-0.9)<sup>2</sup> + (25-10%)<sup>2</sup> + (--0.3)<sup>2</sup> + (0-6)<sup>2</sup> + (12-7)<sup>2</sup> <sup>0.5</sup>', 16.92, 15, 'BMW 318i 2006 (Bobot: 4.53), Honda Jazz (Bobot: 5.1), Daihatsu Ayla 2015 (Bobot: 6.71)'),
(3876, 'PNG1907016', 'MBL1906031', '(0.9-0.9)<sup>2</sup> + (30-10%)<sup>2</sup> + (0.9-0.3)<sup>2</sup> + (0-6)<sup>2</sup> + (7-7)<sup>2</sup> <sup>0.5</sup>', 20.89, 16, 'BMW 318i 2006 (Bobot: 4.53), Honda Jazz (Bobot: 5.1), Daihatsu Ayla 2015 (Bobot: 6.71)'),
(3877, 'PNG1907016', 'MBL1906010', '(0.9-0.9)<sup>2</sup> + (30-10%)<sup>2</sup> + (0.5-0.3)<sup>2</sup> + (0-6)<sup>2</sup> + (5-7)<sup>2</sup> <sup>0.5</sup>', 20.98, 17, 'BMW 318i 2006 (Bobot: 4.53), Honda Jazz (Bobot: 5.1), Daihatsu Ayla 2015 (Bobot: 6.71)'),
(3878, 'PNG1907016', 'MBL1906015', '(0.7-0.9)<sup>2</sup> + (30-10%)<sup>2</sup> + (0.9-0.3)<sup>2</sup> + (0-6)<sup>2</sup> + (5-7)<sup>2</sup> <sup>0.5</sup>', 20.99, 18, 'BMW 318i 2006 (Bobot: 4.53), Honda Jazz (Bobot: 5.1), Daihatsu Ayla 2015 (Bobot: 6.71)'),
(3879, 'PNG1907016', 'MBL1906017', '(0.5-0.9)<sup>2</sup> + (30-10%)<sup>2</sup> + (0.9-0.3)<sup>2</sup> + (0-6)<sup>2</sup> + (5-7)<sup>2</sup> <sup>0.5</sup>', 20.99, 19, 'BMW 318i 2006 (Bobot: 4.53), Honda Jazz (Bobot: 5.1), Daihatsu Ayla 2015 (Bobot: 6.71)'),
(3880, 'PNG1907016', 'MBL1906009', '(0.5-0.9)<sup>2</sup> + (30-10%)<sup>2</sup> + (0.9-0.3)<sup>2</sup> + (0-6)<sup>2</sup> + (4-7)<sup>2</sup> <sup>0.5</sup>', 21.11, 20, 'BMW 318i 2006 (Bobot: 4.53), Honda Jazz (Bobot: 5.1), Daihatsu Ayla 2015 (Bobot: 6.71)'),
(3881, 'PNG1907016', 'MBL1906021', '(0.1-0.9)<sup>2</sup> + (30-10%)<sup>2</sup> + (0.5-0.3)<sup>2</sup> + (0-6)<sup>2</sup> + (12-7)<sup>2</sup> <sup>0.5</sup>', 21.49, 21, 'BMW 318i 2006 (Bobot: 4.53), Honda Jazz (Bobot: 5.1), Daihatsu Ayla 2015 (Bobot: 6.71)'),
(3882, 'PNG1907016', 'MBL1906005', '(0.9-0.9)<sup>2</sup> + (35-10%)<sup>2</sup> + (0.5-0.3)<sup>2</sup> + (0-6)<sup>2</sup> + (7-7)<sup>2</sup> <sup>0.5</sup>', 25.71, 22, 'BMW 318i 2006 (Bobot: 4.53), Honda Jazz (Bobot: 5.1), Daihatsu Ayla 2015 (Bobot: 6.71)'),
(3883, 'PNG1907016', 'MBL1906020', '(0.9-0.9)<sup>2</sup> + (35-10%)<sup>2</sup> + (0.9-0.3)<sup>2</sup> + (0-6)<sup>2</sup> + (7-7)<sup>2</sup> <sup>0.5</sup>', 25.72, 23, 'BMW 318i 2006 (Bobot: 4.53), Honda Jazz (Bobot: 5.1), Daihatsu Ayla 2015 (Bobot: 6.71)'),
(3884, 'PNG1907016', 'MBL1906028', '(0.9-0.9)<sup>2</sup> + (40-10%)<sup>2</sup> + (0.3-0.3)<sup>2</sup> + (0-6)<sup>2</sup> + (7-7)<sup>2</sup> <sup>0.5</sup>', 30.59, 24, 'BMW 318i 2006 (Bobot: 4.53), Honda Jazz (Bobot: 5.1), Daihatsu Ayla 2015 (Bobot: 6.71)'),
(3885, 'PNG1907016', 'MBL1906012', '(0.9-0.9)<sup>2</sup> + (40-10%)<sup>2</sup> + (0.5-0.3)<sup>2</sup> + (0-6)<sup>2</sup> + (5-7)<sup>2</sup> <sup>0.5</sup>', 30.66, 25, 'BMW 318i 2006 (Bobot: 4.53), Honda Jazz (Bobot: 5.1), Daihatsu Ayla 2015 (Bobot: 6.71)'),
(3886, 'PNG1907016', 'MBL1906019', '(0.7-0.9)<sup>2</sup> + (40-10%)<sup>2</sup> + (--0.3)<sup>2</sup> + (0-6)<sup>2</sup> + (4-7)<sup>2</sup> <sup>0.5</sup>', 30.74, 26, 'BMW 318i 2006 (Bobot: 4.53), Honda Jazz (Bobot: 5.1), Daihatsu Ayla 2015 (Bobot: 6.71)'),
(3887, 'PNG1907016', 'MBL1906004', '(0.7-0.9)<sup>2</sup> + (40-10%)<sup>2</sup> + (0.5-0.3)<sup>2</sup> + (0-6)<sup>2</sup> + (12-7)<sup>2</sup> <sup>0.5</sup>', 31, 27, 'BMW 318i 2006 (Bobot: 4.53), Honda Jazz (Bobot: 5.1), Daihatsu Ayla 2015 (Bobot: 6.71)'),
(3888, 'PNG1907016', 'MBL1906008', '(0.5-0.9)<sup>2</sup> + (40-10%)<sup>2</sup> + (0.3-0.3)<sup>2</sup> + (0-6)<sup>2</sup> + (12-7)<sup>2</sup> <sup>0.5</sup>', 31, 28, 'BMW 318i 2006 (Bobot: 4.53), Honda Jazz (Bobot: 5.1), Daihatsu Ayla 2015 (Bobot: 6.71)'),
(3889, 'PNG1907016', 'MBL1906024', '(0.9-0.9)<sup>2</sup> + (40-10%)<sup>2</sup> + (0.9-0.3)<sup>2</sup> + (0-6)<sup>2</sup> + (12-7)<sup>2</sup> <sup>0.5</sup>', 31.01, 29, 'BMW 318i 2006 (Bobot: 4.53), Honda Jazz (Bobot: 5.1), Daihatsu Ayla 2015 (Bobot: 6.71)'),
(3890, 'PNG1907016', 'MBL1906002', '(0.9-0.9)<sup>2</sup> + (50-10%)<sup>2</sup> + (0.9-0.3)<sup>2</sup> + (0-6)<sup>2</sup> + (5-7)<sup>2</sup> <sup>0.5</sup>', 40.5, 30, 'BMW 318i 2006 (Bobot: 4.53), Honda Jazz (Bobot: 5.1), Daihatsu Ayla 2015 (Bobot: 6.71)'),
(3891, 'PNG1907016', 'MBL1906025', '(0.9-0.9)<sup>2</sup> + (50-10%)<sup>2</sup> + (0.3-0.3)<sup>2</sup> + (0-6)<sup>2</sup> + (5-7)<sup>2</sup> <sup>0.5</sup>', 40.5, 31, 'BMW 318i 2006 (Bobot: 4.53), Honda Jazz (Bobot: 5.1), Daihatsu Ayla 2015 (Bobot: 6.71)'),
(3892, 'PNG1907016', 'MBL1906030', '(0.9-0.9)<sup>2</sup> + (50-10%)<sup>2</sup> + (0.3-0.3)<sup>2</sup> + (0-6)<sup>2</sup> + (4-7)<sup>2</sup> <sup>0.5</sup>', 40.56, 32, 'BMW 318i 2006 (Bobot: 4.53), Honda Jazz (Bobot: 5.1), Daihatsu Ayla 2015 (Bobot: 6.71)'),
(3893, 'PNG1907016', 'MBL1906007', '(0.5-0.9)<sup>2</sup> + (50-10%)<sup>2</sup> + (0.9-0.3)<sup>2</sup> + (0-6)<sup>2</sup> + (4-7)<sup>2</sup> <sup>0.5</sup>', 40.57, 33, 'BMW 318i 2006 (Bobot: 4.53), Honda Jazz (Bobot: 5.1), Daihatsu Ayla 2015 (Bobot: 6.71)'),
(3894, 'PNG1907016', 'MBL1906003', '(0.5-0.9)<sup>2</sup> + (50-10%)<sup>2</sup> + (--0.3)<sup>2</sup> + (0-6)<sup>2</sup> + (12-7)<sup>2</sup> <sup>0.5</sup>', 40.76, 34, 'BMW 318i 2006 (Bobot: 4.53), Honda Jazz (Bobot: 5.1), Daihatsu Ayla 2015 (Bobot: 6.71)'),
(3963, 'PNG1907017', 'MBL1906002', '(0.5-0.9)<sup>2</sup> + (10-10)<sup>2</sup> + (0.9-0.3)<sup>2</sup> + (10-6)<sup>2</sup> + (5-7)<sup>2</sup> <sup>0.5</sup>', 4.53, 1, 'BMW 318i 2006 (Bobot: 4.53), Honda Jazz (Bobot: 5.1), Daihatsu Ayla 2015 (Bobot: 6.71)'),
(3964, 'PNG1907017', 'MBL1906001', '(0.9-0.9)<sup>2</sup> + (15-10)<sup>2</sup> + (0.3-0.3)<sup>2</sup> + (5-6)<sup>2</sup> + (7-7)<sup>2</sup> <sup>0.5</sup>', 5.1, 2, 'BMW 318i 2006 (Bobot: 4.53), Honda Jazz (Bobot: 5.1), Daihatsu Ayla 2015 (Bobot: 6.71)'),
(3965, 'PNG1907017', 'MBL1906022', '(0.9-0.9)<sup>2</sup> + (10-10)<sup>2</sup> + (0.3-0.3)<sup>2</sup> + (0-6)<sup>2</sup> + (4-7)<sup>2</sup> <sup>0.5</sup>', 6.71, 3, 'BMW 318i 2006 (Bobot: 4.53), Honda Jazz (Bobot: 5.1), Daihatsu Ayla 2015 (Bobot: 6.71)'),
(3966, 'PNG1907017', 'MBL1906027', '(0.5-0.9)<sup>2</sup> + (10-10)<sup>2</sup> + (0.9-0.3)<sup>2</sup> + (0-6)<sup>2</sup> + (4-7)<sup>2</sup> <sup>0.5</sup>', 6.75, 4, 'BMW 318i 2006 (Bobot: 4.53), Honda Jazz (Bobot: 5.1), Daihatsu Ayla 2015 (Bobot: 6.71)'),
(3967, 'PNG1907017', 'MBL1906001', '(0.9-0.9)<sup>2</sup> + (10-10)<sup>2</sup> + (0.3-0.3)<sup>2</sup> + (0-6)<sup>2</sup> + (12-7)<sup>2</sup> <sup>0.5</sup>', 7.81, 5, 'BMW 318i 2006 (Bobot: 4.53), Honda Jazz (Bobot: 5.1), Daihatsu Ayla 2015 (Bobot: 6.71)'),
(3968, 'PNG1907017', 'MBL1906018', '(0.9-0.9)<sup>2</sup> + (10-10)<sup>2</sup> + (0.5-0.3)<sup>2</sup> + (0-6)<sup>2</sup> + (12-7)<sup>2</sup> <sup>0.5</sup>', 7.81, 6, 'BMW 318i 2006 (Bobot: 4.53), Honda Jazz (Bobot: 5.1), Daihatsu Ayla 2015 (Bobot: 6.71)'),
(3969, 'PNG1907017', 'MBL1906006', '(0.7-0.9)<sup>2</sup> + (15-10)<sup>2</sup> + (0.9-0.3)<sup>2</sup> + (0-6)<sup>2</sup> + (5-7)<sup>2</sup> <sup>0.5</sup>', 8.09, 7, 'BMW 318i 2006 (Bobot: 4.53), Honda Jazz (Bobot: 5.1), Daihatsu Ayla 2015 (Bobot: 6.71)'),
(3970, 'PNG1907017', 'MBL1906026', '(0.7-0.9)<sup>2</sup> + (15-10)<sup>2</sup> + (0.9-0.3)<sup>2</sup> + (0-6)<sup>2</sup> + (4-7)<sup>2</sup> <sup>0.5</sup>', 8.39, 8, 'BMW 318i 2006 (Bobot: 4.53), Honda Jazz (Bobot: 5.1), Daihatsu Ayla 2015 (Bobot: 6.71)'),
(3971, 'PNG1907017', 'MBL1906013', '(0.9-0.9)<sup>2</sup> + (15-10)<sup>2</sup> + (0.9-0.3)<sup>2</sup> + (0-6)<sup>2</sup> + (12-7)<sup>2</sup> <sup>0.5</sup>', 9.29, 9, 'BMW 318i 2006 (Bobot: 4.53), Honda Jazz (Bobot: 5.1), Daihatsu Ayla 2015 (Bobot: 6.71)'),
(3972, 'PNG1907017', 'MBL1906011', '(0.5-0.9)<sup>2</sup> + (15-10)<sup>2</sup> + (0.9-0.3)<sup>2</sup> + (0-6)<sup>2</sup> + (12-7)<sup>2</sup> <sup>0.5</sup>', 9.3, 10, 'BMW 318i 2006 (Bobot: 4.53), Honda Jazz (Bobot: 5.1), Daihatsu Ayla 2015 (Bobot: 6.71)'),
(3973, 'PNG1907017', 'MBL1906014', '(0.5-0.9)<sup>2</sup> + (20-10)<sup>2</sup> + (0.9-0.3)<sup>2</sup> + (0-6)<sup>2</sup> + (7-7)<sup>2</sup> <sup>0.5</sup>', 11.68, 11, 'BMW 318i 2006 (Bobot: 4.53), Honda Jazz (Bobot: 5.1), Daihatsu Ayla 2015 (Bobot: 6.71)'),
(3974, 'PNG1907017', 'MBL1906001', '(0.7-0.9)<sup>2</sup> + (20-10)<sup>2</sup> + (0.3-0.3)<sup>2</sup> + (0-6)<sup>2</sup> + (5-7)<sup>2</sup> <sup>0.5</sup>', 11.83, 12, 'BMW 318i 2006 (Bobot: 4.53), Honda Jazz (Bobot: 5.1), Daihatsu Ayla 2015 (Bobot: 6.71)'),
(3975, 'PNG1907017', 'MBL1906029', '(0.9-0.9)<sup>2</sup> + (20-10)<sup>2</sup> + (0.9-0.3)<sup>2</sup> + (0-6)<sup>2</sup> + (12-7)<sup>2</sup> <sup>0.5</sup>', 12.7, 13, 'BMW 318i 2006 (Bobot: 4.53), Honda Jazz (Bobot: 5.1), Daihatsu Ayla 2015 (Bobot: 6.71)'),
(3976, 'PNG1907017', 'MBL1906023', '(0.7-0.9)<sup>2</sup> + (25-10)<sup>2</sup> + (0.5-0.3)<sup>2</sup> + (0-6)<sup>2</sup> + (5-7)<sup>2</sup> <sup>0.5</sup>', 16.28, 14, 'BMW 318i 2006 (Bobot: 4.53), Honda Jazz (Bobot: 5.1), Daihatsu Ayla 2015 (Bobot: 6.71)'),
(3977, 'PNG1907017', 'MBL1906016', '(0.5-0.9)<sup>2</sup> + (25-10)<sup>2</sup> + (--0.3)<sup>2</sup> + (0-6)<sup>2</sup> + (12-7)<sup>2</sup> <sup>0.5</sup>', 16.92, 15, 'BMW 318i 2006 (Bobot: 4.53), Honda Jazz (Bobot: 5.1), Daihatsu Ayla 2015 (Bobot: 6.71)'),
(3978, 'PNG1907017', 'MBL1906031', '(0.9-0.9)<sup>2</sup> + (30-10)<sup>2</sup> + (0.9-0.3)<sup>2</sup> + (0-6)<sup>2</sup> + (7-7)<sup>2</sup> <sup>0.5</sup>', 20.89, 16, 'BMW 318i 2006 (Bobot: 4.53), Honda Jazz (Bobot: 5.1), Daihatsu Ayla 2015 (Bobot: 6.71)'),
(3979, 'PNG1907017', 'MBL1906010', '(0.9-0.9)<sup>2</sup> + (30-10)<sup>2</sup> + (0.5-0.3)<sup>2</sup> + (0-6)<sup>2</sup> + (5-7)<sup>2</sup> <sup>0.5</sup>', 20.98, 17, 'BMW 318i 2006 (Bobot: 4.53), Honda Jazz (Bobot: 5.1), Daihatsu Ayla 2015 (Bobot: 6.71)'),
(3980, 'PNG1907017', 'MBL1906015', '(0.7-0.9)<sup>2</sup> + (30-10)<sup>2</sup> + (0.9-0.3)<sup>2</sup> + (0-6)<sup>2</sup> + (5-7)<sup>2</sup> <sup>0.5</sup>', 20.99, 18, 'BMW 318i 2006 (Bobot: 4.53), Honda Jazz (Bobot: 5.1), Daihatsu Ayla 2015 (Bobot: 6.71)'),
(3981, 'PNG1907017', 'MBL1906017', '(0.5-0.9)<sup>2</sup> + (30-10)<sup>2</sup> + (0.9-0.3)<sup>2</sup> + (0-6)<sup>2</sup> + (5-7)<sup>2</sup> <sup>0.5</sup>', 20.99, 19, 'BMW 318i 2006 (Bobot: 4.53), Honda Jazz (Bobot: 5.1), Daihatsu Ayla 2015 (Bobot: 6.71)'),
(3982, 'PNG1907017', 'MBL1906009', '(0.5-0.9)<sup>2</sup> + (30-10)<sup>2</sup> + (0.9-0.3)<sup>2</sup> + (0-6)<sup>2</sup> + (4-7)<sup>2</sup> <sup>0.5</sup>', 21.11, 20, 'BMW 318i 2006 (Bobot: 4.53), Honda Jazz (Bobot: 5.1), Daihatsu Ayla 2015 (Bobot: 6.71)'),
(3983, 'PNG1907017', 'MBL1906021', '(0.1-0.9)<sup>2</sup> + (30-10)<sup>2</sup> + (0.5-0.3)<sup>2</sup> + (0-6)<sup>2</sup> + (12-7)<sup>2</sup> <sup>0.5</sup>', 21.49, 21, 'BMW 318i 2006 (Bobot: 4.53), Honda Jazz (Bobot: 5.1), Daihatsu Ayla 2015 (Bobot: 6.71)'),
(3984, 'PNG1907017', 'MBL1906005', '(0.9-0.9)<sup>2</sup> + (35-10)<sup>2</sup> + (0.5-0.3)<sup>2</sup> + (0-6)<sup>2</sup> + (7-7)<sup>2</sup> <sup>0.5</sup>', 25.71, 22, 'BMW 318i 2006 (Bobot: 4.53), Honda Jazz (Bobot: 5.1), Daihatsu Ayla 2015 (Bobot: 6.71)'),
(3985, 'PNG1907017', 'MBL1906020', '(0.9-0.9)<sup>2</sup> + (35-10)<sup>2</sup> + (0.9-0.3)<sup>2</sup> + (0-6)<sup>2</sup> + (7-7)<sup>2</sup> <sup>0.5</sup>', 25.72, 23, 'BMW 318i 2006 (Bobot: 4.53), Honda Jazz (Bobot: 5.1), Daihatsu Ayla 2015 (Bobot: 6.71)'),
(3986, 'PNG1907017', 'MBL1906028', '(0.9-0.9)<sup>2</sup> + (40-10)<sup>2</sup> + (0.3-0.3)<sup>2</sup> + (0-6)<sup>2</sup> + (7-7)<sup>2</sup> <sup>0.5</sup>', 30.59, 24, 'BMW 318i 2006 (Bobot: 4.53), Honda Jazz (Bobot: 5.1), Daihatsu Ayla 2015 (Bobot: 6.71)'),
(3987, 'PNG1907017', 'MBL1906012', '(0.9-0.9)<sup>2</sup> + (40-10)<sup>2</sup> + (0.5-0.3)<sup>2</sup> + (0-6)<sup>2</sup> + (5-7)<sup>2</sup> <sup>0.5</sup>', 30.66, 25, 'BMW 318i 2006 (Bobot: 4.53), Honda Jazz (Bobot: 5.1), Daihatsu Ayla 2015 (Bobot: 6.71)'),
(3988, 'PNG1907017', 'MBL1906019', '(0.7-0.9)<sup>2</sup> + (40-10)<sup>2</sup> + (--0.3)<sup>2</sup> + (0-6)<sup>2</sup> + (4-7)<sup>2</sup> <sup>0.5</sup>', 30.74, 26, 'BMW 318i 2006 (Bobot: 4.53), Honda Jazz (Bobot: 5.1), Daihatsu Ayla 2015 (Bobot: 6.71)'),
(3989, 'PNG1907017', 'MBL1906004', '(0.7-0.9)<sup>2</sup> + (40-10)<sup>2</sup> + (0.5-0.3)<sup>2</sup> + (0-6)<sup>2</sup> + (12-7)<sup>2</sup> <sup>0.5</sup>', 31, 27, 'BMW 318i 2006 (Bobot: 4.53), Honda Jazz (Bobot: 5.1), Daihatsu Ayla 2015 (Bobot: 6.71)'),
(3990, 'PNG1907017', 'MBL1906008', '(0.5-0.9)<sup>2</sup> + (40-10)<sup>2</sup> + (0.3-0.3)<sup>2</sup> + (0-6)<sup>2</sup> + (12-7)<sup>2</sup> <sup>0.5</sup>', 31, 28, 'BMW 318i 2006 (Bobot: 4.53), Honda Jazz (Bobot: 5.1), Daihatsu Ayla 2015 (Bobot: 6.71)'),
(3991, 'PNG1907017', 'MBL1906024', '(0.9-0.9)<sup>2</sup> + (40-10)<sup>2</sup> + (0.9-0.3)<sup>2</sup> + (0-6)<sup>2</sup> + (12-7)<sup>2</sup> <sup>0.5</sup>', 31.01, 29, 'BMW 318i 2006 (Bobot: 4.53), Honda Jazz (Bobot: 5.1), Daihatsu Ayla 2015 (Bobot: 6.71)'),
(3992, 'PNG1907017', 'MBL1906002', '(0.9-0.9)<sup>2</sup> + (50-10)<sup>2</sup> + (0.9-0.3)<sup>2</sup> + (0-6)<sup>2</sup> + (5-7)<sup>2</sup> <sup>0.5</sup>', 40.5, 30, 'BMW 318i 2006 (Bobot: 4.53), Honda Jazz (Bobot: 5.1), Daihatsu Ayla 2015 (Bobot: 6.71)'),
(7420, 'PNG1908013', 'MBL1908023', '(0.9-0.5)<sup>2</sup> + (45-50)<sup>2</sup>  + (0.5-0.9)<sup>2</sup> + (8-9)<sup>2</sup> + (4-4)<sup>2</sup> <sup>0.5</sup>', 15.13, 1, 'Pengujian Vie Webserver'),
(7421, 'PNG1908013', 'MBL1908025', '(0.5-0.5)<sup>2</sup> + (50-50)<sup>2</sup>  + (0.3-0.9)<sup>2</sup> + (3-9)<sup>2</sup> + (7-4)<sup>2</sup> <sup>0.5</sup>', 16.73, 2, 'Pengujian Vie Webserver'),
(7422, 'PNG1908013', 'MBL1908007', '(0.5-0.5)<sup>2</sup> + (50-50)<sup>2</sup>  + (0.9-0.9)<sup>2</sup> + (2-9)<sup>2</sup> + (4-4)<sup>2</sup> <sup>0.5</sup>', 17, 3, 'Pengujian Vie Webserver'),
(7423, 'PNG1908013', 'MBL1908034', '(0.9-0.5)<sup>2</sup> + (50-50)<sup>2</sup>  + (0.9-0.9)<sup>2</sup> + (5-9)<sup>2</sup> + (12-4)<sup>2</sup> <sup>0.5</sup>', 18.95, 4, 'Pengujian Vie Webserver'),
(7424, 'PNG1908013', 'MBL1908028', '(0.9-0.5)<sup>2</sup> + (50-50)<sup>2</sup>  + (0.9-0.9)<sup>2</sup> + (4-9)<sup>2</sup> + (12-4)<sup>2</sup> <sup>0.5</sup>', 19.44, 5, 'Pengujian Vie Webserver'),
(7425, 'PNG1908013', 'MBL1908016', '(0.9-0.5)<sup>2</sup> + (50-50)<sup>2</sup>  + (0.3-0.9)<sup>2</sup> + (3-9)<sup>2</sup> + (12-4)<sup>2</sup> <sup>0.5</sup>', 110.03, 6, 'Pengujian Vie Webserver'),
(7426, 'PNG1908013', 'MBL1908036', '(0.9-0.5)<sup>2</sup> + (40-50)<sup>2</sup>  + (0.3-0.9)<sup>2</sup> + (7-9)<sup>2</sup> + (5-4)<sup>2</sup> <sup>0.5</sup>', 110.27, 7, 'Pengujian Vie Webserver'),
(7427, 'PNG1908013', 'MBL1908024', '(0.3-0.5)<sup>2</sup> + (40-50)<sup>2</sup>  + (0.5-0.9)<sup>2</sup> + (5-9)<sup>2</sup> + (4-4)<sup>2</sup> <sup>0.5</sup>', 110.78, 8, 'Pengujian Vie Webserver'),
(7428, 'PNG1908013', 'MBL1908008', '(0.5-0.5)<sup>2</sup> + (40-50)<sup>2</sup>  + (0.9-0.9)<sup>2</sup> + (3-9)<sup>2</sup> + (5-4)<sup>2</sup> <sup>0.5</sup>', 111.7, 9, 'Pengujian Vie Webserver'),
(7429, 'PNG1908013', 'MBL1908032', '(0.5-0.5)<sup>2</sup> + (40-50)<sup>2</sup>  + (0.5-0.9)<sup>2</sup> + (2-9)<sup>2</sup> + (4-4)<sup>2</sup> <sup>0.5</sup>', 112.21, 10, 'Pengujian Vie Webserver'),
(7430, 'PNG1908013', 'MBL1908004', '(0.9-0.5)<sup>2</sup> + (40-50)<sup>2</sup>  + (0.9-0.9)<sup>2</sup> + (2-9)<sup>2</sup> + (5-4)<sup>2</sup> <sup>0.5</sup>', 112.25, 11, 'Pengujian Vie Webserver'),
(7431, 'PNG1908013', 'MBL1908049', '(0.9-0.5)<sup>2</sup> + (40-50)<sup>2</sup>  + (0.9-0.9)<sup>2</sup> + (10-9)<sup>2</sup> + (12-4)<sup>2</sup> <sup>0.5</sup>', 112.85, 12, 'Pengujian Vie Webserver'),
(7432, 'PNG1908013', 'MBL1908042', '(0.9-0.5)<sup>2</sup> + (40-50)<sup>2</sup>  + (0.3-0.9)<sup>2</sup> + (5-9)<sup>2</sup> + (12-4)<sup>2</sup> <sup>0.5</sup>', 113.44, 13, 'Pengujian Vie Webserver'),
(7433, 'PNG1908013', 'MBL1908011', '(0.5-0.5)<sup>2</sup> + (40-50)<sup>2</sup>  + (0.3-0.9)<sup>2</sup> + (2-9)<sup>2</sup> + (12-4)<sup>2</sup> <sup>0.5</sup>', 114.61, 14, 'Pengujian Vie Webserver'),
(7434, 'PNG1908013', 'MBL1908041', '(0.9-0.5)<sup>2</sup> + (35-50)<sup>2</sup>  + (0.9-0.9)<sup>2</sup> + (7-9)<sup>2</sup> + (5-4)<sup>2</sup> <sup>0.5</sup>', 115.17, 15, 'Pengujian Vie Webserver'),
(7435, 'PNG1908013', 'MBL1908045', '(0.5-0.5)<sup>2</sup> + (35-50)<sup>2</sup>  + (0.3-0.9)<sup>2</sup> + (5-9)<sup>2</sup> + (7-4)<sup>2</sup> <sup>0.5</sup>', 115.82, 16, 'Pengujian Vie Webserver'),
(7436, 'PNG1908013', 'MBL1908031', '(0.5-0.5)<sup>2</sup> + (35-50)<sup>2</sup>  + (0.9-0.9)<sup>2</sup> + (3-9)<sup>2</sup> + (4-4)<sup>2</sup> <sup>0.5</sup>', 116.16, 17, 'Pengujian Vie Webserver'),
(7437, 'PNG1908013', 'MBL1908035', '(0.9-0.5)<sup>2</sup> + (35-50)<sup>2</sup>  + (0.5-0.9)<sup>2</sup> + (10-9)<sup>2</sup> + (12-4)<sup>2</sup> <sup>0.5</sup>', 117.04, 18, 'Pengujian Vie Webserver'),
(7438, 'PNG1908013', 'MBL1908015', '(0.9-0.5)<sup>2</sup> + (30-50)<sup>2</sup>  + (0.9-0.9)<sup>2</sup> + (10-9)<sup>2</sup> + (4-4)<sup>2</sup> <sup>0.5</sup>', 120.03, 19, 'Pengujian Vie Webserver'),
(7439, 'PNG1908013', 'MBL1908027', '(0.9-0.5)<sup>2</sup> + (30-50)<sup>2</sup>  + (0.9-0.9)<sup>2</sup> + (8-9)<sup>2</sup> + (4-4)<sup>2</sup> <sup>0.5</sup>', 120.03, 20, 'Pengujian Vie Webserver'),
(7440, 'PNG1908013', 'MBL1908017', '(0.9-0.5)<sup>2</sup> + (30-50)<sup>2</sup>  + (0.9-0.9)<sup>2</sup> + (5-9)<sup>2</sup> + (4-4)<sup>2</sup> <sup>0.5</sup>', 120.4, 21, 'Pengujian Vie Webserver'),
(7441, 'PNG1908013', 'MBL1908003', '(0.5-0.5)<sup>2</sup> + (30-50)<sup>2</sup>  + (0.5-0.9)<sup>2</sup> + (3-9)<sup>2</sup> + (7-4)<sup>2</sup> <sup>0.5</sup>', 121.1, 22, 'Pengujian Vie Webserver'),
(7442, 'PNG1908013', 'MBL1908012', '(0.5-0.5)<sup>2</sup> + (30-50)<sup>2</sup>  + (0.3-0.9)<sup>2</sup> + (3-9)<sup>2</sup> + (7-4)<sup>2</sup> <sup>0.5</sup>', 121.1, 23, 'Pengujian Vie Webserver'),
(7443, 'PNG1908013', 'MBL1908009', '(0.5-0.5)<sup>2</sup> + (30-50)<sup>2</sup>  + (0.5-0.9)<sup>2</sup> + (5-9)<sup>2</sup> + (12-4)<sup>2</sup> <sup>0.5</sup>', 121.91, 24, 'Pengujian Vie Webserver'),
(7444, 'PNG1908013', 'MBL1908022', '(0.9-0.5)<sup>2</sup> + (30-50)<sup>2</sup>  + (0.9-0.9)<sup>2</sup> + (3-9)<sup>2</sup> + (12-4)<sup>2</sup> <sup>0.5</sup>', 122.36, 25, 'Pengujian Vie Webserver'),
(7445, 'PNG1908013', 'MBL1908026', '(0.5-0.5)<sup>2</sup> + (25-50)<sup>2</sup>  + (0.5-0.9)<sup>2</sup> + (7-9)<sup>2</sup> + (5-4)<sup>2</sup> <sup>0.5</sup>', 125.1, 26, 'Pengujian Vie Webserver'),
(7446, 'PNG1908013', 'MBL1908043', '(0.9-0.5)<sup>2</sup> + (25-50)<sup>2</sup>  + (0.5-0.9)<sup>2</sup> + (10-9)<sup>2</sup> + (7-4)<sup>2</sup> <sup>0.5</sup>', 125.21, 27, 'Pengujian Vie Webserver'),
(7447, 'PNG1908013', 'MBL1908021', '(0.9-0.5)<sup>2</sup> + (25-50)<sup>2</sup>  + (0.3-0.9)<sup>2</sup> + (5-9)<sup>2</sup> + (5-4)<sup>2</sup> <sup>0.5</sup>', 125.35, 28, 'Pengujian Vie Webserver'),
(7448, 'PNG1908013', 'MBL1908010', '(0.9-0.5)<sup>2</sup> + (25-50)<sup>2</sup>  + (0.9-0.9)<sup>2</sup> + (4-9)<sup>2</sup> + (5-4)<sup>2</sup> <sup>0.5</sup>', 125.52, 29, 'Pengujian Vie Webserver'),
(7449, 'PNG1908013', 'MBL1908046', '(0.9-0.5)<sup>2</sup> + (25-50)<sup>2</sup>  + (0.5-0.9)<sup>2</sup> + (4-9)<sup>2</sup> + (7-4)<sup>2</sup> <sup>0.5</sup>', 125.68, 30, 'Pengujian Vie Webserver'),
(7450, 'PNG1908013', 'MBL1908005', '(0.3-0.5)<sup>2</sup> + (25-50)<sup>2</sup>  + (0.9-0.9)<sup>2</sup> + (3-9)<sup>2</sup> + (4-4)<sup>2</sup> <sup>0.5</sup>', 125.71, 31, 'Pengujian Vie Webserver'),
(7451, 'PNG1908013', 'MBL1908037', '(0.5-0.5)<sup>2</sup> + (25-50)<sup>2</sup>  + (0.5-0.9)<sup>2</sup> + (3-9)<sup>2</sup> + (4-4)<sup>2</sup> <sup>0.5</sup>', 125.71, 32, 'Pengujian Vie Webserver'),
(7452, 'PNG1908013', 'MBL1908030', '(0.9-0.5)<sup>2</sup> + (25-50)<sup>2</sup>  + (0.9-0.9)<sup>2</sup> + (3-9)<sup>2</sup> + (7-4)<sup>2</sup> <sup>0.5</sup>', 125.89, 33, 'Pengujian Vie Webserver'),
(7453, 'PNG1908013', 'MBL1908001', '(0.9-0.5)<sup>2</sup> + (25-50)<sup>2</sup>  + (0.5-0.9)<sup>2</sup> + (6-9)<sup>2</sup> + (12-4)<sup>2</sup> <sup>0.5</sup>', 126.43, 34, 'Pengujian Vie Webserver'),
(7454, 'PNG1908013', 'MBL1908040', '(0.5-0.5)<sup>2</sup> + (25-50)<sup>2</sup>  + (0.5-0.9)<sup>2</sup> + (5-9)<sup>2</sup> + (12-4)<sup>2</sup> <sup>0.5</sup>', 126.55, 35, 'Pengujian Vie Webserver'),
(7455, 'PNG1908013', 'MBL1908047', '(0.9-0.5)<sup>2</sup> + (25-50)<sup>2</sup>  + (0.9-0.9)<sup>2</sup> + (5-9)<sup>2</sup> + (12-4)<sup>2</sup> <sup>0.5</sup>', 126.55, 36, 'Pengujian Vie Webserver'),
(7456, 'PNG1908013', 'MBL1908019', '(0.5-0.5)<sup>2</sup> + (25-50)<sup>2</sup>  + (0.3-0.9)<sup>2</sup> + (4-9)<sup>2</sup> + (12-4)<sup>2</sup> <sup>0.5</sup>', 126.73, 37, 'Pengujian Vie Webserver'),
(7457, 'PNG1908013', 'MBL1908014', '(0.5-0.5)<sup>2</sup> + (25-50)<sup>2</sup>  + (0.3-0.9)<sup>2</sup> + (2-9)<sup>2</sup> + (12-4)<sup>2</sup> <sup>0.5</sup>', 127.17, 38, 'Pengujian Vie Webserver'),
(7458, 'PNG1908013', 'MBL1908013', '(0.9-0.5)<sup>2</sup> + (20-50)<sup>2</sup>  + (0.3-0.9)<sup>2</sup> + (5-9)<sup>2</sup> + (4-4)<sup>2</sup> <sup>0.5</sup>', 130.27, 39, 'Pengujian Vie Webserver'),
(7459, 'PNG1908013', 'MBL1908006', '(0.5-0.5)<sup>2</sup> + (20-50)<sup>2</sup>  + (0.5-0.9)<sup>2</sup> + (3-9)<sup>2</sup> + (7-4)<sup>2</sup> <sup>0.5</sup>', 130.74, 40, 'Pengujian Vie Webserver'),
(7460, 'PNG1908013', 'MBL1908048', '(0.9-0.5)<sup>2</sup> + (20-50)<sup>2</sup>  + (0.3-0.9)<sup>2</sup> + (2-9)<sup>2</sup> + (4-4)<sup>2</sup> <sup>0.5</sup>', 130.81, 41, 'Pengujian Vie Webserver'),
(7461, 'PNG1908013', 'MBL1908018', '(0.5-0.5)<sup>2</sup> + (15-50)<sup>2</sup>  + (0.3-0.9)<sup>2</sup> + (7-9)<sup>2</sup> + (7-4)<sup>2</sup> <sup>0.5</sup>', 135.19, 42, 'Pengujian Vie Webserver'),
(7462, 'PNG1908013', 'MBL1908050', '(0.9-0.5)<sup>2</sup> + (15-50)<sup>2</sup>  + (0.5-0.9)<sup>2</sup> + (7-9)<sup>2</sup> + (7-4)<sup>2</sup> <sup>0.5</sup>', 135.19, 43, 'Pengujian Vie Webserver'),
(7463, 'PNG1908013', 'MBL1908044', '(0.9-0.5)<sup>2</sup> + (15-50)<sup>2</sup>  + (0.9-0.9)<sup>2</sup> + (2-9)<sup>2</sup> + (4-4)<sup>2</sup> <sup>0.5</sup>', 135.7, 44, 'Pengujian Vie Webserver'),
(7464, 'PNG1908013', 'MBL1908002', '(0.9-0.5)<sup>2</sup> + (15-50)<sup>2</sup>  + (0.9-0.9)<sup>2</sup> + (6-9)<sup>2</sup> + (12-4)<sup>2</sup> <sup>0.5</sup>', 136.03, 45, 'Pengujian Vie Webserver'),
(7465, 'PNG1908013', 'MBL1908029', '(0.9-0.5)<sup>2</sup> + (10-50)<sup>2</sup>  + (0.9-0.9)<sup>2</sup> + (9-9)<sup>2</sup> + (7-4)<sup>2</sup> <sup>0.5</sup>', 140.11, 46, 'Pengujian Vie Webserver'),
(7466, 'PNG1908013', 'MBL1908033', '(0.9-0.5)<sup>2</sup> + (10-50)<sup>2</sup>  + (0.9-0.9)<sup>2</sup> + (4-9)<sup>2</sup> + (7-4)<sup>2</sup> <sup>0.5</sup>', 140.42, 47, 'Pengujian Vie Webserver'),
(7467, 'PNG1908013', 'MBL1908039', '(0.5-0.5)<sup>2</sup> + (10-50)<sup>2</sup>  + (0.9-0.9)<sup>2</sup> + (4-9)<sup>2</sup> + (7-4)<sup>2</sup> <sup>0.5</sup>', 140.42, 48, 'Pengujian Vie Webserver'),
(7468, 'PNG1908013', 'MBL1908038', '(0.5-0.5)<sup>2</sup> + (10-50)<sup>2</sup>  + (0.3-0.9)<sup>2</sup> + (2-9)<sup>2</sup> + (7-4)<sup>2</sup> <sup>0.5</sup>', 140.72, 49, 'Pengujian Vie Webserver'),
(7469, 'PNG1908012', 'MBL1908023', '(0.9-0.9)<sup>2</sup> + (45-50)<sup>2</sup>  + (0.5-0.5)<sup>2</sup> + (8-10)<sup>2</sup> + (4-5)<sup>2</sup> <sup>0.5</sup>', 15.48, 1, 'Pengujian Vie Webserver'),
(7470, 'PNG1908012', 'MBL1908025', '(0.5-0.9)<sup>2</sup> + (50-50)<sup>2</sup>  + (0.3-0.5)<sup>2</sup> + (3-10)<sup>2</sup> + (7-5)<sup>2</sup> <sup>0.5</sup>', 17.29, 2, 'Pengujian Vie Webserver'),
(7471, 'PNG1908012', 'MBL1908007', '(0.5-0.9)<sup>2</sup> + (50-50)<sup>2</sup>  + (0.9-0.5)<sup>2</sup> + (2-10)<sup>2</sup> + (4-5)<sup>2</sup> <sup>0.5</sup>', 18.08, 3, 'Pengujian Vie Webserver'),
(7472, 'PNG1908012', 'MBL1908034', '(0.9-0.9)<sup>2</sup> + (50-50)<sup>2</sup>  + (0.9-0.5)<sup>2</sup> + (5-10)<sup>2</sup> + (12-5)<sup>2</sup> <sup>0.5</sup>', 18.61, 4, 'Pengujian Vie Webserver'),
(7473, 'PNG1908012', 'MBL1908028', '(0.9-0.9)<sup>2</sup> + (50-50)<sup>2</sup>  + (0.9-0.5)<sup>2</sup> + (4-10)<sup>2</sup> + (12-5)<sup>2</sup> <sup>0.5</sup>', 19.23, 5, 'Pengujian Vie Webserver'),
(7474, 'PNG1908012', 'MBL1908016', '(0.9-0.9)<sup>2</sup> + (50-50)<sup>2</sup>  + (0.3-0.5)<sup>2</sup> + (3-10)<sup>2</sup> + (12-5)<sup>2</sup> <sup>0.5</sup>', 19.9, 6, 'Pengujian Vie Webserver'),
(7475, 'PNG1908012', 'MBL1908036', '(0.9-0.9)<sup>2</sup> + (40-50)<sup>2</sup>  + (0.3-0.5)<sup>2</sup> + (7-10)<sup>2</sup> + (5-5)<sup>2</sup> <sup>0.5</sup>', 110.44, 7, 'Pengujian Vie Webserver'),
(7476, 'PNG1908012', 'MBL1908024', '(0.3-0.9)<sup>2</sup> + (40-50)<sup>2</sup>  + (0.5-0.5)<sup>2</sup> + (5-10)<sup>2</sup> + (4-5)<sup>2</sup> <sup>0.5</sup>', 111.24, 8, 'Pengujian Vie Webserver'),
(7477, 'PNG1908012', 'MBL1908049', '(0.9-0.9)<sup>2</sup> + (40-50)<sup>2</sup>  + (0.9-0.5)<sup>2</sup> + (10-10)<sup>2</sup> + (12-5)<sup>2</sup> <sup>0.5</sup>', 112.21, 9, 'Pengujian Vie Webserver'),
(7478, 'PNG1908012', 'MBL1908008', '(0.5-0.9)<sup>2</sup> + (40-50)<sup>2</sup>  + (0.9-0.5)<sup>2</sup> + (3-10)<sup>2</sup> + (5-5)<sup>2</sup> <sup>0.5</sup>', 112.22, 10, 'Pengujian Vie Webserver'),
(7479, 'PNG1908012', 'MBL1908004', '(0.9-0.9)<sup>2</sup> + (40-50)<sup>2</sup>  + (0.9-0.5)<sup>2</sup> + (2-10)<sup>2</sup> + (5-5)<sup>2</sup> <sup>0.5</sup>', 112.81, 11, 'Pengujian Vie Webserver'),
(7480, 'PNG1908012', 'MBL1908032', '(0.5-0.9)<sup>2</sup> + (40-50)<sup>2</sup>  + (0.5-0.5)<sup>2</sup> + (2-10)<sup>2</sup> + (4-5)<sup>2</sup> <sup>0.5</sup>', 112.85, 12, 'Pengujian Vie Webserver'),
(7481, 'PNG1908012', 'MBL1908042', '(0.9-0.9)<sup>2</sup> + (40-50)<sup>2</sup>  + (0.3-0.5)<sup>2</sup> + (5-10)<sup>2</sup> + (12-5)<sup>2</sup> <sup>0.5</sup>', 113.19, 13, 'Pengujian Vie Webserver'),
(7482, 'PNG1908012', 'MBL1908011', '(0.5-0.9)<sup>2</sup> + (40-50)<sup>2</sup>  + (0.3-0.5)<sup>2</sup> + (2-10)<sup>2</sup> + (12-5)<sup>2</sup> <sup>0.5</sup>', 114.6, 14, 'Pengujian Vie Webserver'),
(7483, 'PNG1908012', 'MBL1908041', '(0.9-0.9)<sup>2</sup> + (35-50)<sup>2</sup>  + (0.9-0.5)<sup>2</sup> + (7-10)<sup>2</sup> + (5-5)<sup>2</sup> <sup>0.5</sup>', 115.3, 15, 'Pengujian Vie Webserver'),
(7484, 'PNG1908012', 'MBL1908045', '(0.5-0.9)<sup>2</sup> + (35-50)<sup>2</sup>  + (0.3-0.5)<sup>2</sup> + (5-10)<sup>2</sup> + (7-5)<sup>2</sup> <sup>0.5</sup>', 115.94, 16, 'Pengujian Vie Webserver');
INSERT INTO `tb_hasil` (`id_hasil`, `id_pengujian`, `id_mobil`, `rekapitulasi`, `bobot`, `ranking`, `keterangan`) VALUES
(7485, 'PNG1908012', 'MBL1908035', '(0.9-0.9)<sup>2</sup> + (35-50)<sup>2</sup>  + (0.5-0.5)<sup>2</sup> + (10-10)<sup>2</sup> + (12-5)<sup>2</sup> <sup>0.5</sup>', 116.55, 17, 'Pengujian Vie Webserver'),
(7486, 'PNG1908012', 'MBL1908031', '(0.5-0.9)<sup>2</sup> + (35-50)<sup>2</sup>  + (0.9-0.5)<sup>2</sup> + (3-10)<sup>2</sup> + (4-5)<sup>2</sup> <sup>0.5</sup>', 116.59, 18, 'Pengujian Vie Webserver'),
(7487, 'PNG1908012', 'MBL1908015', '(0.9-0.9)<sup>2</sup> + (30-50)<sup>2</sup>  + (0.9-0.5)<sup>2</sup> + (10-10)<sup>2</sup> + (4-5)<sup>2</sup> <sup>0.5</sup>', 120.03, 19, 'Pengujian Vie Webserver'),
(7488, 'PNG1908012', 'MBL1908027', '(0.9-0.9)<sup>2</sup> + (30-50)<sup>2</sup>  + (0.9-0.5)<sup>2</sup> + (8-10)<sup>2</sup> + (4-5)<sup>2</sup> <sup>0.5</sup>', 120.13, 20, 'Pengujian Vie Webserver'),
(7489, 'PNG1908012', 'MBL1908017', '(0.9-0.9)<sup>2</sup> + (30-50)<sup>2</sup>  + (0.9-0.5)<sup>2</sup> + (5-10)<sup>2</sup> + (4-5)<sup>2</sup> <sup>0.5</sup>', 120.64, 21, 'Pengujian Vie Webserver'),
(7490, 'PNG1908012', 'MBL1908003', '(0.5-0.9)<sup>2</sup> + (30-50)<sup>2</sup>  + (0.5-0.5)<sup>2</sup> + (3-10)<sup>2</sup> + (7-5)<sup>2</sup> <sup>0.5</sup>', 121.29, 22, 'Pengujian Vie Webserver'),
(7491, 'PNG1908012', 'MBL1908012', '(0.5-0.9)<sup>2</sup> + (30-50)<sup>2</sup>  + (0.3-0.5)<sup>2</sup> + (3-10)<sup>2</sup> + (7-5)<sup>2</sup> <sup>0.5</sup>', 121.29, 23, 'Pengujian Vie Webserver'),
(7492, 'PNG1908012', 'MBL1908009', '(0.5-0.9)<sup>2</sup> + (30-50)<sup>2</sup>  + (0.5-0.5)<sup>2</sup> + (5-10)<sup>2</sup> + (12-5)<sup>2</sup> <sup>0.5</sup>', 121.78, 24, 'Pengujian Vie Webserver'),
(7493, 'PNG1908012', 'MBL1908022', '(0.9-0.9)<sup>2</sup> + (30-50)<sup>2</sup>  + (0.9-0.5)<sup>2</sup> + (3-10)<sup>2</sup> + (12-5)<sup>2</sup> <sup>0.5</sup>', 122.32, 25, 'Pengujian Vie Webserver'),
(7494, 'PNG1908012', 'MBL1908043', '(0.9-0.9)<sup>2</sup> + (25-50)<sup>2</sup>  + (0.5-0.5)<sup>2</sup> + (10-10)<sup>2</sup> + (7-5)<sup>2</sup> <sup>0.5</sup>', 125.08, 26, 'Pengujian Vie Webserver'),
(7495, 'PNG1908012', 'MBL1908026', '(0.5-0.9)<sup>2</sup> + (25-50)<sup>2</sup>  + (0.5-0.5)<sup>2</sup> + (7-10)<sup>2</sup> + (5-5)<sup>2</sup> <sup>0.5</sup>', 125.18, 27, 'Pengujian Vie Webserver'),
(7496, 'PNG1908012', 'MBL1908021', '(0.9-0.9)<sup>2</sup> + (25-50)<sup>2</sup>  + (0.3-0.5)<sup>2</sup> + (5-10)<sup>2</sup> + (5-5)<sup>2</sup> <sup>0.5</sup>', 125.5, 28, 'Pengujian Vie Webserver'),
(7497, 'PNG1908012', 'MBL1908010', '(0.9-0.9)<sup>2</sup> + (25-50)<sup>2</sup>  + (0.9-0.5)<sup>2</sup> + (4-10)<sup>2</sup> + (5-5)<sup>2</sup> <sup>0.5</sup>', 125.71, 29, 'Pengujian Vie Webserver'),
(7498, 'PNG1908012', 'MBL1908046', '(0.9-0.9)<sup>2</sup> + (25-50)<sup>2</sup>  + (0.5-0.5)<sup>2</sup> + (4-10)<sup>2</sup> + (7-5)<sup>2</sup> <sup>0.5</sup>', 125.79, 30, 'Pengujian Vie Webserver'),
(7499, 'PNG1908012', 'MBL1908037', '(0.5-0.9)<sup>2</sup> + (25-50)<sup>2</sup>  + (0.5-0.5)<sup>2</sup> + (3-10)<sup>2</sup> + (4-5)<sup>2</sup> <sup>0.5</sup>', 125.98, 31, 'Pengujian Vie Webserver'),
(7500, 'PNG1908012', 'MBL1908005', '(0.3-0.9)<sup>2</sup> + (25-50)<sup>2</sup>  + (0.9-0.5)<sup>2</sup> + (3-10)<sup>2</sup> + (4-5)<sup>2</sup> <sup>0.5</sup>', 125.99, 32, 'Pengujian Vie Webserver'),
(7501, 'PNG1908012', 'MBL1908030', '(0.9-0.9)<sup>2</sup> + (25-50)<sup>2</sup>  + (0.9-0.5)<sup>2</sup> + (3-10)<sup>2</sup> + (7-5)<sup>2</sup> <sup>0.5</sup>', 126.04, 33, 'Pengujian Vie Webserver'),
(7502, 'PNG1908012', 'MBL1908001', '(0.9-0.9)<sup>2</sup> + (25-50)<sup>2</sup>  + (0.5-0.5)<sup>2</sup> + (6-10)<sup>2</sup> + (12-5)<sup>2</sup> <sup>0.5</sup>', 126.27, 34, 'Pengujian Vie Webserver'),
(7503, 'PNG1908012', 'MBL1908040', '(0.5-0.9)<sup>2</sup> + (25-50)<sup>2</sup>  + (0.5-0.5)<sup>2</sup> + (5-10)<sup>2</sup> + (12-5)<sup>2</sup> <sup>0.5</sup>', 126.44, 35, 'Pengujian Vie Webserver'),
(7504, 'PNG1908012', 'MBL1908047', '(0.9-0.9)<sup>2</sup> + (25-50)<sup>2</sup>  + (0.9-0.5)<sup>2</sup> + (5-10)<sup>2</sup> + (12-5)<sup>2</sup> <sup>0.5</sup>', 126.44, 36, 'Pengujian Vie Webserver'),
(7505, 'PNG1908012', 'MBL1908019', '(0.5-0.9)<sup>2</sup> + (25-50)<sup>2</sup>  + (0.3-0.5)<sup>2</sup> + (4-10)<sup>2</sup> + (12-5)<sup>2</sup> <sup>0.5</sup>', 126.65, 37, 'Pengujian Vie Webserver'),
(7506, 'PNG1908012', 'MBL1908014', '(0.5-0.9)<sup>2</sup> + (25-50)<sup>2</sup>  + (0.3-0.5)<sup>2</sup> + (2-10)<sup>2</sup> + (12-5)<sup>2</sup> <sup>0.5</sup>', 127.17, 38, 'Pengujian Vie Webserver'),
(7507, 'PNG1908012', 'MBL1908013', '(0.9-0.9)<sup>2</sup> + (20-50)<sup>2</sup>  + (0.3-0.5)<sup>2</sup> + (5-10)<sup>2</sup> + (4-5)<sup>2</sup> <sup>0.5</sup>', 130.43, 39, 'Pengujian Vie Webserver'),
(7508, 'PNG1908012', 'MBL1908006', '(0.5-0.9)<sup>2</sup> + (20-50)<sup>2</sup>  + (0.5-0.5)<sup>2</sup> + (3-10)<sup>2</sup> + (7-5)<sup>2</sup> <sup>0.5</sup>', 130.87, 40, 'Pengujian Vie Webserver'),
(7509, 'PNG1908012', 'MBL1908048', '(0.9-0.9)<sup>2</sup> + (20-50)<sup>2</sup>  + (0.3-0.5)<sup>2</sup> + (2-10)<sup>2</sup> + (4-5)<sup>2</sup> <sup>0.5</sup>', 131.07, 41, 'Pengujian Vie Webserver'),
(7510, 'PNG1908012', 'MBL1908018', '(0.5-0.9)<sup>2</sup> + (15-50)<sup>2</sup>  + (0.3-0.5)<sup>2</sup> + (7-10)<sup>2</sup> + (7-5)<sup>2</sup> <sup>0.5</sup>', 135.19, 42, 'Pengujian Vie Webserver'),
(7511, 'PNG1908012', 'MBL1908050', '(0.9-0.9)<sup>2</sup> + (15-50)<sup>2</sup>  + (0.5-0.5)<sup>2</sup> + (7-10)<sup>2</sup> + (7-5)<sup>2</sup> <sup>0.5</sup>', 135.19, 43, 'Pengujian Vie Webserver'),
(7512, 'PNG1908012', 'MBL1908002', '(0.9-0.9)<sup>2</sup> + (15-50)<sup>2</sup>  + (0.9-0.5)<sup>2</sup> + (6-10)<sup>2</sup> + (12-5)<sup>2</sup> <sup>0.5</sup>', 135.92, 44, 'Pengujian Vie Webserver'),
(7513, 'PNG1908012', 'MBL1908044', '(0.9-0.9)<sup>2</sup> + (15-50)<sup>2</sup>  + (0.9-0.5)<sup>2</sup> + (2-10)<sup>2</sup> + (4-5)<sup>2</sup> <sup>0.5</sup>', 135.92, 45, 'Pengujian Vie Webserver'),
(7514, 'PNG1908012', 'MBL1908029', '(0.9-0.9)<sup>2</sup> + (10-50)<sup>2</sup>  + (0.9-0.5)<sup>2</sup> + (9-10)<sup>2</sup> + (7-5)<sup>2</sup> <sup>0.5</sup>', 140.06, 46, 'Pengujian Vie Webserver'),
(7515, 'PNG1908012', 'MBL1908033', '(0.9-0.9)<sup>2</sup> + (10-50)<sup>2</sup>  + (0.9-0.5)<sup>2</sup> + (4-10)<sup>2</sup> + (7-5)<sup>2</sup> <sup>0.5</sup>', 140.5, 47, 'Pengujian Vie Webserver'),
(7516, 'PNG1908012', 'MBL1908039', '(0.5-0.9)<sup>2</sup> + (10-50)<sup>2</sup>  + (0.9-0.5)<sup>2</sup> + (4-10)<sup>2</sup> + (7-5)<sup>2</sup> <sup>0.5</sup>', 140.5, 48, 'Pengujian Vie Webserver'),
(7517, 'PNG1908012', 'MBL1908038', '(0.5-0.9)<sup>2</sup> + (10-50)<sup>2</sup>  + (0.3-0.5)<sup>2</sup> + (2-10)<sup>2</sup> + (7-5)<sup>2</sup> <sup>0.5</sup>', 140.84, 49, 'Pengujian Vie Webserver'),
(7518, 'PNG1908011', 'MBL1908029', '(0.9-0.9)<sup>2</sup> + (10-10)<sup>2</sup>  + (0.9-0.9)<sup>2</sup> + (9-9)<sup>2</sup> + (7-4)<sup>2</sup> <sup>0.5</sup>', 13, 1, 'Pengujian Vie Webserver'),
(7519, 'PNG1908011', 'MBL1908033', '(0.9-0.9)<sup>2</sup> + (10-10)<sup>2</sup>  + (0.9-0.9)<sup>2</sup> + (4-9)<sup>2</sup> + (7-4)<sup>2</sup> <sup>0.5</sup>', 15.83, 2, 'Pengujian Vie Webserver'),
(7520, 'PNG1908011', 'MBL1908039', '(0.5-0.9)<sup>2</sup> + (10-10)<sup>2</sup>  + (0.9-0.9)<sup>2</sup> + (4-9)<sup>2</sup> + (7-4)<sup>2</sup> <sup>0.5</sup>', 15.84, 3, 'Pengujian Vie Webserver'),
(7521, 'PNG1908011', 'MBL1908050', '(0.9-0.9)<sup>2</sup> + (15-10)<sup>2</sup>  + (0.5-0.9)<sup>2</sup> + (7-9)<sup>2</sup> + (7-4)<sup>2</sup> <sup>0.5</sup>', 16.18, 4, 'Pengujian Vie Webserver'),
(7522, 'PNG1908011', 'MBL1908018', '(0.5-0.9)<sup>2</sup> + (15-10)<sup>2</sup>  + (0.3-0.9)<sup>2</sup> + (7-9)<sup>2</sup> + (7-4)<sup>2</sup> <sup>0.5</sup>', 16.21, 5, 'Pengujian Vie Webserver'),
(7523, 'PNG1908011', 'MBL1908038', '(0.5-0.9)<sup>2</sup> + (10-10)<sup>2</sup>  + (0.3-0.9)<sup>2</sup> + (2-9)<sup>2</sup> + (7-4)<sup>2</sup> <sup>0.5</sup>', 17.65, 6, 'Pengujian Vie Webserver'),
(7524, 'PNG1908011', 'MBL1908044', '(0.9-0.9)<sup>2</sup> + (15-10)<sup>2</sup>  + (0.9-0.9)<sup>2</sup> + (2-9)<sup>2</sup> + (4-4)<sup>2</sup> <sup>0.5</sup>', 18.6, 7, 'Pengujian Vie Webserver'),
(7525, 'PNG1908011', 'MBL1908002', '(0.9-0.9)<sup>2</sup> + (15-10)<sup>2</sup>  + (0.9-0.9)<sup>2</sup> + (6-9)<sup>2</sup> + (12-4)<sup>2</sup> <sup>0.5</sup>', 19.9, 8, 'Pengujian Vie Webserver'),
(7526, 'PNG1908011', 'MBL1908013', '(0.9-0.9)<sup>2</sup> + (20-10)<sup>2</sup>  + (0.3-0.9)<sup>2</sup> + (5-9)<sup>2</sup> + (4-4)<sup>2</sup> <sup>0.5</sup>', 110.79, 9, 'Pengujian Vie Webserver'),
(7527, 'PNG1908011', 'MBL1908006', '(0.5-0.9)<sup>2</sup> + (20-10)<sup>2</sup>  + (0.5-0.9)<sup>2</sup> + (3-9)<sup>2</sup> + (7-4)<sup>2</sup> <sup>0.5</sup>', 112.05, 10, 'Pengujian Vie Webserver'),
(7528, 'PNG1908011', 'MBL1908048', '(0.9-0.9)<sup>2</sup> + (20-10)<sup>2</sup>  + (0.3-0.9)<sup>2</sup> + (2-9)<sup>2</sup> + (4-4)<sup>2</sup> <sup>0.5</sup>', 112.22, 11, 'Pengujian Vie Webserver'),
(7529, 'PNG1908011', 'MBL1908026', '(0.5-0.9)<sup>2</sup> + (25-10)<sup>2</sup>  + (0.5-0.9)<sup>2</sup> + (7-9)<sup>2</sup> + (5-4)<sup>2</sup> <sup>0.5</sup>', 115.18, 12, 'Pengujian Vie Webserver'),
(7530, 'PNG1908011', 'MBL1908043', '(0.9-0.9)<sup>2</sup> + (25-10)<sup>2</sup>  + (0.5-0.9)<sup>2</sup> + (10-9)<sup>2</sup> + (7-4)<sup>2</sup> <sup>0.5</sup>', 115.33, 13, 'Pengujian Vie Webserver'),
(7531, 'PNG1908011', 'MBL1908021', '(0.9-0.9)<sup>2</sup> + (25-10)<sup>2</sup>  + (0.3-0.9)<sup>2</sup> + (5-9)<sup>2</sup> + (5-4)<sup>2</sup> <sup>0.5</sup>', 115.57, 14, 'Pengujian Vie Webserver'),
(7532, 'PNG1908011', 'MBL1908010', '(0.9-0.9)<sup>2</sup> + (25-10)<sup>2</sup>  + (0.9-0.9)<sup>2</sup> + (4-9)<sup>2</sup> + (5-4)<sup>2</sup> <sup>0.5</sup>', 115.84, 15, 'Pengujian Vie Webserver'),
(7533, 'PNG1908011', 'MBL1908046', '(0.9-0.9)<sup>2</sup> + (25-10)<sup>2</sup>  + (0.5-0.9)<sup>2</sup> + (4-9)<sup>2</sup> + (7-4)<sup>2</sup> <sup>0.5</sup>', 116.1, 16, 'Pengujian Vie Webserver'),
(7534, 'PNG1908011', 'MBL1908005', '(0.3-0.9)<sup>2</sup> + (25-10)<sup>2</sup>  + (0.9-0.9)<sup>2</sup> + (3-9)<sup>2</sup> + (4-4)<sup>2</sup> <sup>0.5</sup>', 116.17, 17, 'Pengujian Vie Webserver'),
(7535, 'PNG1908011', 'MBL1908037', '(0.5-0.9)<sup>2</sup> + (25-10)<sup>2</sup>  + (0.5-0.9)<sup>2</sup> + (3-9)<sup>2</sup> + (4-4)<sup>2</sup> <sup>0.5</sup>', 116.17, 18, 'Pengujian Vie Webserver'),
(7536, 'PNG1908011', 'MBL1908030', '(0.9-0.9)<sup>2</sup> + (25-10)<sup>2</sup>  + (0.9-0.9)<sup>2</sup> + (3-9)<sup>2</sup> + (7-4)<sup>2</sup> <sup>0.5</sup>', 116.43, 19, 'Pengujian Vie Webserver'),
(7537, 'PNG1908011', 'MBL1908001', '(0.9-0.9)<sup>2</sup> + (25-10)<sup>2</sup>  + (0.5-0.9)<sup>2</sup> + (6-9)<sup>2</sup> + (12-4)<sup>2</sup> <sup>0.5</sup>', 117.27, 20, 'Pengujian Vie Webserver'),
(7538, 'PNG1908011', 'MBL1908047', '(0.9-0.9)<sup>2</sup> + (25-10)<sup>2</sup>  + (0.9-0.9)<sup>2</sup> + (5-9)<sup>2</sup> + (12-4)<sup>2</sup> <sup>0.5</sup>', 117.46, 21, 'Pengujian Vie Webserver'),
(7539, 'PNG1908011', 'MBL1908040', '(0.5-0.9)<sup>2</sup> + (25-10)<sup>2</sup>  + (0.5-0.9)<sup>2</sup> + (5-9)<sup>2</sup> + (12-4)<sup>2</sup> <sup>0.5</sup>', 117.47, 22, 'Pengujian Vie Webserver'),
(7540, 'PNG1908011', 'MBL1908019', '(0.5-0.9)<sup>2</sup> + (25-10)<sup>2</sup>  + (0.3-0.9)<sup>2</sup> + (4-9)<sup>2</sup> + (12-4)<sup>2</sup> <sup>0.5</sup>', 117.73, 23, 'Pengujian Vie Webserver'),
(7541, 'PNG1908011', 'MBL1908014', '(0.5-0.9)<sup>2</sup> + (25-10)<sup>2</sup>  + (0.3-0.9)<sup>2</sup> + (2-9)<sup>2</sup> + (12-4)<sup>2</sup> <sup>0.5</sup>', 118.4, 24, 'Pengujian Vie Webserver'),
(7542, 'PNG1908011', 'MBL1908015', '(0.9-0.9)<sup>2</sup> + (30-10)<sup>2</sup>  + (0.9-0.9)<sup>2</sup> + (10-9)<sup>2</sup> + (4-4)<sup>2</sup> <sup>0.5</sup>', 120.02, 25, 'Pengujian Vie Webserver'),
(7543, 'PNG1908011', 'MBL1908027', '(0.9-0.9)<sup>2</sup> + (30-10)<sup>2</sup>  + (0.9-0.9)<sup>2</sup> + (8-9)<sup>2</sup> + (4-4)<sup>2</sup> <sup>0.5</sup>', 120.02, 26, 'Pengujian Vie Webserver'),
(7544, 'PNG1908011', 'MBL1908017', '(0.9-0.9)<sup>2</sup> + (30-10)<sup>2</sup>  + (0.9-0.9)<sup>2</sup> + (5-9)<sup>2</sup> + (4-4)<sup>2</sup> <sup>0.5</sup>', 120.4, 27, 'Pengujian Vie Webserver'),
(7545, 'PNG1908011', 'MBL1908003', '(0.5-0.9)<sup>2</sup> + (30-10)<sup>2</sup>  + (0.5-0.9)<sup>2</sup> + (3-9)<sup>2</sup> + (7-4)<sup>2</sup> <sup>0.5</sup>', 121.1, 28, 'Pengujian Vie Webserver'),
(7546, 'PNG1908011', 'MBL1908012', '(0.5-0.9)<sup>2</sup> + (30-10)<sup>2</sup>  + (0.3-0.9)<sup>2</sup> + (3-9)<sup>2</sup> + (7-4)<sup>2</sup> <sup>0.5</sup>', 121.11, 29, 'Pengujian Vie Webserver'),
(7547, 'PNG1908011', 'MBL1908009', '(0.5-0.9)<sup>2</sup> + (30-10)<sup>2</sup>  + (0.5-0.9)<sup>2</sup> + (5-9)<sup>2</sup> + (12-4)<sup>2</sup> <sup>0.5</sup>', 121.92, 30, 'Pengujian Vie Webserver'),
(7548, 'PNG1908011', 'MBL1908022', '(0.9-0.9)<sup>2</sup> + (30-10)<sup>2</sup>  + (0.9-0.9)<sup>2</sup> + (3-9)<sup>2</sup> + (12-4)<sup>2</sup> <sup>0.5</sup>', 122.36, 31, 'Pengujian Vie Webserver'),
(7549, 'PNG1908011', 'MBL1908041', '(0.9-0.9)<sup>2</sup> + (35-10)<sup>2</sup>  + (0.9-0.9)<sup>2</sup> + (7-9)<sup>2</sup> + (5-4)<sup>2</sup> <sup>0.5</sup>', 125.1, 32, 'Pengujian Vie Webserver'),
(7550, 'PNG1908011', 'MBL1908045', '(0.5-0.9)<sup>2</sup> + (35-10)<sup>2</sup>  + (0.3-0.9)<sup>2</sup> + (5-9)<sup>2</sup> + (7-4)<sup>2</sup> <sup>0.5</sup>', 125.51, 33, 'Pengujian Vie Webserver'),
(7551, 'PNG1908011', 'MBL1908031', '(0.5-0.9)<sup>2</sup> + (35-10)<sup>2</sup>  + (0.9-0.9)<sup>2</sup> + (3-9)<sup>2</sup> + (4-4)<sup>2</sup> <sup>0.5</sup>', 125.71, 34, 'Pengujian Vie Webserver'),
(7552, 'PNG1908011', 'MBL1908035', '(0.9-0.9)<sup>2</sup> + (35-10)<sup>2</sup>  + (0.5-0.9)<sup>2</sup> + (10-9)<sup>2</sup> + (12-4)<sup>2</sup> <sup>0.5</sup>', 126.27, 35, 'Pengujian Vie Webserver'),
(7553, 'PNG1908011', 'MBL1908036', '(0.9-0.9)<sup>2</sup> + (40-10)<sup>2</sup>  + (0.3-0.9)<sup>2</sup> + (7-9)<sup>2</sup> + (5-4)<sup>2</sup> <sup>0.5</sup>', 130.09, 36, 'Pengujian Vie Webserver'),
(7554, 'PNG1908011', 'MBL1908024', '(0.3-0.9)<sup>2</sup> + (40-10)<sup>2</sup>  + (0.5-0.9)<sup>2</sup> + (5-9)<sup>2</sup> + (4-4)<sup>2</sup> <sup>0.5</sup>', 130.27, 37, 'Pengujian Vie Webserver'),
(7555, 'PNG1908011', 'MBL1908008', '(0.5-0.9)<sup>2</sup> + (40-10)<sup>2</sup>  + (0.9-0.9)<sup>2</sup> + (3-9)<sup>2</sup> + (5-4)<sup>2</sup> <sup>0.5</sup>', 130.61, 38, 'Pengujian Vie Webserver'),
(7556, 'PNG1908011', 'MBL1908032', '(0.5-0.9)<sup>2</sup> + (40-10)<sup>2</sup>  + (0.5-0.9)<sup>2</sup> + (2-9)<sup>2</sup> + (4-4)<sup>2</sup> <sup>0.5</sup>', 130.81, 39, 'Pengujian Vie Webserver'),
(7557, 'PNG1908011', 'MBL1908004', '(0.9-0.9)<sup>2</sup> + (40-10)<sup>2</sup>  + (0.9-0.9)<sup>2</sup> + (2-9)<sup>2</sup> + (5-4)<sup>2</sup> <sup>0.5</sup>', 130.82, 40, 'Pengujian Vie Webserver'),
(7558, 'PNG1908011', 'MBL1908049', '(0.9-0.9)<sup>2</sup> + (40-10)<sup>2</sup>  + (0.9-0.9)<sup>2</sup> + (10-9)<sup>2</sup> + (12-4)<sup>2</sup> <sup>0.5</sup>', 131.06, 41, 'Pengujian Vie Webserver'),
(7559, 'PNG1908011', 'MBL1908042', '(0.9-0.9)<sup>2</sup> + (40-10)<sup>2</sup>  + (0.3-0.9)<sup>2</sup> + (5-9)<sup>2</sup> + (12-4)<sup>2</sup> <sup>0.5</sup>', 131.31, 42, 'Pengujian Vie Webserver'),
(7560, 'PNG1908011', 'MBL1908011', '(0.5-0.9)<sup>2</sup> + (40-10)<sup>2</sup>  + (0.3-0.9)<sup>2</sup> + (2-9)<sup>2</sup> + (12-4)<sup>2</sup> <sup>0.5</sup>', 131.84, 43, 'Pengujian Vie Webserver'),
(7561, 'PNG1908011', 'MBL1908023', '(0.9-0.9)<sup>2</sup> + (45-10)<sup>2</sup>  + (0.5-0.9)<sup>2</sup> + (8-9)<sup>2</sup> + (4-4)<sup>2</sup> <sup>0.5</sup>', 135.02, 44, 'Pengujian Vie Webserver'),
(7562, 'PNG1908011', 'MBL1908025', '(0.5-0.9)<sup>2</sup> + (50-10)<sup>2</sup>  + (0.3-0.9)<sup>2</sup> + (3-9)<sup>2</sup> + (7-4)<sup>2</sup> <sup>0.5</sup>', 140.57, 45, 'Pengujian Vie Webserver'),
(7563, 'PNG1908011', 'MBL1908007', '(0.5-0.9)<sup>2</sup> + (50-10)<sup>2</sup>  + (0.9-0.9)<sup>2</sup> + (2-9)<sup>2</sup> + (4-4)<sup>2</sup> <sup>0.5</sup>', 140.61, 46, 'Pengujian Vie Webserver'),
(7564, 'PNG1908011', 'MBL1908034', '(0.9-0.9)<sup>2</sup> + (50-10)<sup>2</sup>  + (0.9-0.9)<sup>2</sup> + (5-9)<sup>2</sup> + (12-4)<sup>2</sup> <sup>0.5</sup>', 140.99, 47, 'Pengujian Vie Webserver'),
(7565, 'PNG1908011', 'MBL1908028', '(0.9-0.9)<sup>2</sup> + (50-10)<sup>2</sup>  + (0.9-0.9)<sup>2</sup> + (4-9)<sup>2</sup> + (12-4)<sup>2</sup> <sup>0.5</sup>', 141.1, 48, 'Pengujian Vie Webserver'),
(7566, 'PNG1908011', 'MBL1908016', '(0.9-0.9)<sup>2</sup> + (50-10)<sup>2</sup>  + (0.3-0.9)<sup>2</sup> + (3-9)<sup>2</sup> + (12-4)<sup>2</sup> <sup>0.5</sup>', 141.24, 49, 'Pengujian Vie Webserver'),
(7567, 'PNG1908009', 'MBL1908025', '(0.5-0.9)<sup>2</sup> + (50-50)<sup>2</sup>  + (0.3-0.9)<sup>2</sup> + (3-4)<sup>2</sup> + (7-7)<sup>2</sup> <sup>0.5</sup>', 11.23, 1, 'Pengujian Vie Webserver'),
(7568, 'PNG1908009', 'MBL1908007', '(0.5-0.9)<sup>2</sup> + (50-50)<sup>2</sup>  + (0.9-0.9)<sup>2</sup> + (2-4)<sup>2</sup> + (4-7)<sup>2</sup> <sup>0.5</sup>', 13.63, 2, 'Pengujian Vie Webserver'),
(7569, 'PNG1908009', 'MBL1908028', '(0.9-0.9)<sup>2</sup> + (50-50)<sup>2</sup>  + (0.9-0.9)<sup>2</sup> + (4-4)<sup>2</sup> + (12-7)<sup>2</sup> <sup>0.5</sup>', 15, 3, 'Pengujian Vie Webserver'),
(7570, 'PNG1908009', 'MBL1908034', '(0.9-0.9)<sup>2</sup> + (50-50)<sup>2</sup>  + (0.9-0.9)<sup>2</sup> + (5-4)<sup>2</sup> + (12-7)<sup>2</sup> <sup>0.5</sup>', 15.1, 4, 'Pengujian Vie Webserver'),
(7571, 'PNG1908009', 'MBL1908016', '(0.9-0.9)<sup>2</sup> + (50-50)<sup>2</sup>  + (0.3-0.9)<sup>2</sup> + (3-4)<sup>2</sup> + (12-7)<sup>2</sup> <sup>0.5</sup>', 15.13, 5, 'Pengujian Vie Webserver'),
(7572, 'PNG1908009', 'MBL1908023', '(0.9-0.9)<sup>2</sup> + (45-50)<sup>2</sup>  + (0.5-0.9)<sup>2</sup> + (8-4)<sup>2</sup> + (4-7)<sup>2</sup> <sup>0.5</sup>', 17.08, 6, 'Pengujian Vie Webserver'),
(7573, 'PNG1908009', 'MBL1908008', '(0.5-0.9)<sup>2</sup> + (40-50)<sup>2</sup>  + (0.9-0.9)<sup>2</sup> + (3-4)<sup>2</sup> + (5-7)<sup>2</sup> <sup>0.5</sup>', 110.25, 7, 'Pengujian Vie Webserver'),
(7574, 'PNG1908009', 'MBL1908004', '(0.9-0.9)<sup>2</sup> + (40-50)<sup>2</sup>  + (0.9-0.9)<sup>2</sup> + (2-4)<sup>2</sup> + (5-7)<sup>2</sup> <sup>0.5</sup>', 110.39, 8, 'Pengujian Vie Webserver'),
(7575, 'PNG1908009', 'MBL1908024', '(0.3-0.9)<sup>2</sup> + (40-50)<sup>2</sup>  + (0.5-0.9)<sup>2</sup> + (5-4)<sup>2</sup> + (4-7)<sup>2</sup> <sup>0.5</sup>', 110.51, 9, 'Pengujian Vie Webserver'),
(7576, 'PNG1908009', 'MBL1908032', '(0.5-0.9)<sup>2</sup> + (40-50)<sup>2</sup>  + (0.5-0.9)<sup>2</sup> + (2-4)<sup>2</sup> + (4-7)<sup>2</sup> <sup>0.5</sup>', 110.65, 10, 'Pengujian Vie Webserver'),
(7577, 'PNG1908009', 'MBL1908036', '(0.9-0.9)<sup>2</sup> + (40-50)<sup>2</sup>  + (0.3-0.9)<sup>2</sup> + (7-4)<sup>2</sup> + (5-7)<sup>2</sup> <sup>0.5</sup>', 110.65, 11, 'Pengujian Vie Webserver'),
(7578, 'PNG1908009', 'MBL1908042', '(0.9-0.9)<sup>2</sup> + (40-50)<sup>2</sup>  + (0.3-0.9)<sup>2</sup> + (5-4)<sup>2</sup> + (12-7)<sup>2</sup> <sup>0.5</sup>', 111.24, 12, 'Pengujian Vie Webserver'),
(7579, 'PNG1908009', 'MBL1908011', '(0.5-0.9)<sup>2</sup> + (40-50)<sup>2</sup>  + (0.3-0.9)<sup>2</sup> + (2-4)<sup>2</sup> + (12-7)<sup>2</sup> <sup>0.5</sup>', 111.38, 13, 'Pengujian Vie Webserver'),
(7580, 'PNG1908009', 'MBL1908049', '(0.9-0.9)<sup>2</sup> + (40-50)<sup>2</sup>  + (0.9-0.9)<sup>2</sup> + (10-4)<sup>2</sup> + (12-7)<sup>2</sup> <sup>0.5</sup>', 112.69, 14, 'Pengujian Vie Webserver'),
(7581, 'PNG1908009', 'MBL1908045', '(0.5-0.9)<sup>2</sup> + (35-50)<sup>2</sup>  + (0.3-0.9)<sup>2</sup> + (5-4)<sup>2</sup> + (7-7)<sup>2</sup> <sup>0.5</sup>', 115.05, 15, 'Pengujian Vie Webserver'),
(7582, 'PNG1908009', 'MBL1908031', '(0.5-0.9)<sup>2</sup> + (35-50)<sup>2</sup>  + (0.9-0.9)<sup>2</sup> + (3-4)<sup>2</sup> + (4-7)<sup>2</sup> <sup>0.5</sup>', 115.33, 16, 'Pengujian Vie Webserver'),
(7583, 'PNG1908009', 'MBL1908041', '(0.9-0.9)<sup>2</sup> + (35-50)<sup>2</sup>  + (0.9-0.9)<sup>2</sup> + (7-4)<sup>2</sup> + (5-7)<sup>2</sup> <sup>0.5</sup>', 115.43, 17, 'Pengujian Vie Webserver'),
(7584, 'PNG1908009', 'MBL1908035', '(0.9-0.9)<sup>2</sup> + (35-50)<sup>2</sup>  + (0.5-0.9)<sup>2</sup> + (10-4)<sup>2</sup> + (12-7)<sup>2</sup> <sup>0.5</sup>', 116.92, 18, 'Pengujian Vie Webserver'),
(7585, 'PNG1908009', 'MBL1908003', '(0.5-0.9)<sup>2</sup> + (30-50)<sup>2</sup>  + (0.5-0.9)<sup>2</sup> + (3-4)<sup>2</sup> + (7-7)<sup>2</sup> <sup>0.5</sup>', 120.03, 19, 'Pengujian Vie Webserver'),
(7586, 'PNG1908009', 'MBL1908012', '(0.5-0.9)<sup>2</sup> + (30-50)<sup>2</sup>  + (0.3-0.9)<sup>2</sup> + (3-4)<sup>2</sup> + (7-7)<sup>2</sup> <sup>0.5</sup>', 120.04, 20, 'Pengujian Vie Webserver'),
(7587, 'PNG1908009', 'MBL1908017', '(0.9-0.9)<sup>2</sup> + (30-50)<sup>2</sup>  + (0.9-0.9)<sup>2</sup> + (5-4)<sup>2</sup> + (4-7)<sup>2</sup> <sup>0.5</sup>', 120.25, 21, 'Pengujian Vie Webserver'),
(7588, 'PNG1908009', 'MBL1908027', '(0.9-0.9)<sup>2</sup> + (30-50)<sup>2</sup>  + (0.9-0.9)<sup>2</sup> + (8-4)<sup>2</sup> + (4-7)<sup>2</sup> <sup>0.5</sup>', 120.62, 22, 'Pengujian Vie Webserver'),
(7589, 'PNG1908009', 'MBL1908022', '(0.9-0.9)<sup>2</sup> + (30-50)<sup>2</sup>  + (0.9-0.9)<sup>2</sup> + (3-4)<sup>2</sup> + (12-7)<sup>2</sup> <sup>0.5</sup>', 120.64, 23, 'Pengujian Vie Webserver'),
(7590, 'PNG1908009', 'MBL1908009', '(0.5-0.9)<sup>2</sup> + (30-50)<sup>2</sup>  + (0.5-0.9)<sup>2</sup> + (5-4)<sup>2</sup> + (12-7)<sup>2</sup> <sup>0.5</sup>', 120.65, 24, 'Pengujian Vie Webserver'),
(7591, 'PNG1908009', 'MBL1908015', '(0.9-0.9)<sup>2</sup> + (30-50)<sup>2</sup>  + (0.9-0.9)<sup>2</sup> + (10-4)<sup>2</sup> + (4-7)<sup>2</sup> <sup>0.5</sup>', 121.1, 25, 'Pengujian Vie Webserver'),
(7592, 'PNG1908009', 'MBL1908046', '(0.9-0.9)<sup>2</sup> + (25-50)<sup>2</sup>  + (0.5-0.9)<sup>2</sup> + (4-4)<sup>2</sup> + (7-7)<sup>2</sup> <sup>0.5</sup>', 125, 26, 'Pengujian Vie Webserver'),
(7593, 'PNG1908009', 'MBL1908030', '(0.9-0.9)<sup>2</sup> + (25-50)<sup>2</sup>  + (0.9-0.9)<sup>2</sup> + (3-4)<sup>2</sup> + (7-7)<sup>2</sup> <sup>0.5</sup>', 125.02, 27, 'Pengujian Vie Webserver'),
(7594, 'PNG1908009', 'MBL1908010', '(0.9-0.9)<sup>2</sup> + (25-50)<sup>2</sup>  + (0.9-0.9)<sup>2</sup> + (4-4)<sup>2</sup> + (5-7)<sup>2</sup> <sup>0.5</sup>', 125.08, 28, 'Pengujian Vie Webserver'),
(7595, 'PNG1908009', 'MBL1908021', '(0.9-0.9)<sup>2</sup> + (25-50)<sup>2</sup>  + (0.3-0.9)<sup>2</sup> + (5-4)<sup>2</sup> + (5-7)<sup>2</sup> <sup>0.5</sup>', 125.11, 29, 'Pengujian Vie Webserver'),
(7596, 'PNG1908009', 'MBL1908005', '(0.3-0.9)<sup>2</sup> + (25-50)<sup>2</sup>  + (0.9-0.9)<sup>2</sup> + (3-4)<sup>2</sup> + (4-7)<sup>2</sup> <sup>0.5</sup>', 125.21, 30, 'Pengujian Vie Webserver'),
(7597, 'PNG1908009', 'MBL1908037', '(0.5-0.9)<sup>2</sup> + (25-50)<sup>2</sup>  + (0.5-0.9)<sup>2</sup> + (3-4)<sup>2</sup> + (4-7)<sup>2</sup> <sup>0.5</sup>', 125.21, 31, 'Pengujian Vie Webserver'),
(7598, 'PNG1908009', 'MBL1908026', '(0.5-0.9)<sup>2</sup> + (25-50)<sup>2</sup>  + (0.5-0.9)<sup>2</sup> + (7-4)<sup>2</sup> + (5-7)<sup>2</sup> <sup>0.5</sup>', 125.26, 32, 'Pengujian Vie Webserver'),
(7599, 'PNG1908009', 'MBL1908019', '(0.5-0.9)<sup>2</sup> + (25-50)<sup>2</sup>  + (0.3-0.9)<sup>2</sup> + (4-4)<sup>2</sup> + (12-7)<sup>2</sup> <sup>0.5</sup>', 125.51, 33, 'Pengujian Vie Webserver'),
(7600, 'PNG1908009', 'MBL1908047', '(0.9-0.9)<sup>2</sup> + (25-50)<sup>2</sup>  + (0.9-0.9)<sup>2</sup> + (5-4)<sup>2</sup> + (12-7)<sup>2</sup> <sup>0.5</sup>', 125.51, 34, 'Pengujian Vie Webserver'),
(7601, 'PNG1908009', 'MBL1908040', '(0.5-0.9)<sup>2</sup> + (25-50)<sup>2</sup>  + (0.5-0.9)<sup>2</sup> + (5-4)<sup>2</sup> + (12-7)<sup>2</sup> <sup>0.5</sup>', 125.52, 35, 'Pengujian Vie Webserver'),
(7602, 'PNG1908009', 'MBL1908001', '(0.9-0.9)<sup>2</sup> + (25-50)<sup>2</sup>  + (0.5-0.9)<sup>2</sup> + (6-4)<sup>2</sup> + (12-7)<sup>2</sup> <sup>0.5</sup>', 125.58, 36, 'Pengujian Vie Webserver'),
(7603, 'PNG1908009', 'MBL1908014', '(0.5-0.9)<sup>2</sup> + (25-50)<sup>2</sup>  + (0.3-0.9)<sup>2</sup> + (2-4)<sup>2</sup> + (12-7)<sup>2</sup> <sup>0.5</sup>', 125.58, 37, 'Pengujian Vie Webserver'),
(7604, 'PNG1908009', 'MBL1908043', '(0.9-0.9)<sup>2</sup> + (25-50)<sup>2</sup>  + (0.5-0.9)<sup>2</sup> + (10-4)<sup>2</sup> + (7-7)<sup>2</sup> <sup>0.5</sup>', 125.71, 38, 'Pengujian Vie Webserver'),
(7605, 'PNG1908009', 'MBL1908006', '(0.5-0.9)<sup>2</sup> + (20-50)<sup>2</sup>  + (0.5-0.9)<sup>2</sup> + (3-4)<sup>2</sup> + (7-7)<sup>2</sup> <sup>0.5</sup>', 130.02, 39, 'Pengujian Vie Webserver'),
(7606, 'PNG1908009', 'MBL1908013', '(0.9-0.9)<sup>2</sup> + (20-50)<sup>2</sup>  + (0.3-0.9)<sup>2</sup> + (5-4)<sup>2</sup> + (4-7)<sup>2</sup> <sup>0.5</sup>', 130.17, 40, 'Pengujian Vie Webserver'),
(7607, 'PNG1908009', 'MBL1908048', '(0.9-0.9)<sup>2</sup> + (20-50)<sup>2</sup>  + (0.3-0.9)<sup>2</sup> + (2-4)<sup>2</sup> + (4-7)<sup>2</sup> <sup>0.5</sup>', 130.22, 41, 'Pengujian Vie Webserver'),
(7608, 'PNG1908009', 'MBL1908050', '(0.9-0.9)<sup>2</sup> + (15-50)<sup>2</sup>  + (0.5-0.9)<sup>2</sup> + (7-4)<sup>2</sup> + (7-7)<sup>2</sup> <sup>0.5</sup>', 135.13, 42, 'Pengujian Vie Webserver'),
(7609, 'PNG1908009', 'MBL1908018', '(0.5-0.9)<sup>2</sup> + (15-50)<sup>2</sup>  + (0.3-0.9)<sup>2</sup> + (7-4)<sup>2</sup> + (7-7)<sup>2</sup> <sup>0.5</sup>', 135.14, 43, 'Pengujian Vie Webserver'),
(7610, 'PNG1908009', 'MBL1908044', '(0.9-0.9)<sup>2</sup> + (15-50)<sup>2</sup>  + (0.9-0.9)<sup>2</sup> + (2-4)<sup>2</sup> + (4-7)<sup>2</sup> <sup>0.5</sup>', 135.19, 44, 'Pengujian Vie Webserver'),
(7611, 'PNG1908009', 'MBL1908002', '(0.9-0.9)<sup>2</sup> + (15-50)<sup>2</sup>  + (0.9-0.9)<sup>2</sup> + (6-4)<sup>2</sup> + (12-7)<sup>2</sup> <sup>0.5</sup>', 135.41, 45, 'Pengujian Vie Webserver'),
(7612, 'PNG1908009', 'MBL1908033', '(0.9-0.9)<sup>2</sup> + (10-50)<sup>2</sup>  + (0.9-0.9)<sup>2</sup> + (4-4)<sup>2</sup> + (7-7)<sup>2</sup> <sup>0.5</sup>', 140, 46, 'Pengujian Vie Webserver'),
(7613, 'PNG1908009', 'MBL1908039', '(0.5-0.9)<sup>2</sup> + (10-50)<sup>2</sup>  + (0.9-0.9)<sup>2</sup> + (4-4)<sup>2</sup> + (7-7)<sup>2</sup> <sup>0.5</sup>', 140, 47, 'Pengujian Vie Webserver'),
(7614, 'PNG1908009', 'MBL1908038', '(0.5-0.9)<sup>2</sup> + (10-50)<sup>2</sup>  + (0.3-0.9)<sup>2</sup> + (2-4)<sup>2</sup> + (7-7)<sup>2</sup> <sup>0.5</sup>', 140.06, 48, 'Pengujian Vie Webserver'),
(7615, 'PNG1908009', 'MBL1908029', '(0.9-0.9)<sup>2</sup> + (10-50)<sup>2</sup>  + (0.9-0.9)<sup>2</sup> + (9-4)<sup>2</sup> + (7-7)<sup>2</sup> <sup>0.5</sup>', 140.31, 49, 'Pengujian Vie Webserver'),
(7616, 'PNG1908008', 'MBL1908016', '(0.9-0.9)<sup>2</sup> + (50-50)<sup>2</sup>  + (0.3-0.3)<sup>2</sup> + (3-3)<sup>2</sup> + (12-12)<sup>2</sup> <sup>0.5</sup>', 10, 1, 'Pengujian Vie Webserver'),
(7617, 'PNG1908008', 'MBL1908028', '(0.9-0.9)<sup>2</sup> + (50-50)<sup>2</sup>  + (0.9-0.3)<sup>2</sup> + (4-3)<sup>2</sup> + (12-12)<sup>2</sup> <sup>0.5</sup>', 11.17, 2, 'Pengujian Vie Webserver'),
(7618, 'PNG1908008', 'MBL1908034', '(0.9-0.9)<sup>2</sup> + (50-50)<sup>2</sup>  + (0.9-0.3)<sup>2</sup> + (5-3)<sup>2</sup> + (12-12)<sup>2</sup> <sup>0.5</sup>', 12.09, 3, 'Pengujian Vie Webserver'),
(7619, 'PNG1908008', 'MBL1908025', '(0.5-0.9)<sup>2</sup> + (50-50)<sup>2</sup>  + (0.3-0.3)<sup>2</sup> + (3-3)<sup>2</sup> + (7-12)<sup>2</sup> <sup>0.5</sup>', 15.02, 4, 'Pengujian Vie Webserver'),
(7620, 'PNG1908008', 'MBL1908007', '(0.5-0.9)<sup>2</sup> + (50-50)<sup>2</sup>  + (0.9-0.3)<sup>2</sup> + (2-3)<sup>2</sup> + (4-12)<sup>2</sup> <sup>0.5</sup>', 18.09, 5, 'Pengujian Vie Webserver'),
(7621, 'PNG1908008', 'MBL1908011', '(0.5-0.9)<sup>2</sup> + (40-50)<sup>2</sup>  + (0.3-0.3)<sup>2</sup> + (2-3)<sup>2</sup> + (12-12)<sup>2</sup> <sup>0.5</sup>', 110.06, 6, 'Pengujian Vie Webserver'),
(7622, 'PNG1908008', 'MBL1908042', '(0.9-0.9)<sup>2</sup> + (40-50)<sup>2</sup>  + (0.3-0.3)<sup>2</sup> + (5-3)<sup>2</sup> + (12-12)<sup>2</sup> <sup>0.5</sup>', 110.2, 7, 'Pengujian Vie Webserver'),
(7623, 'PNG1908008', 'MBL1908023', '(0.9-0.9)<sup>2</sup> + (45-50)<sup>2</sup>  + (0.5-0.3)<sup>2</sup> + (8-3)<sup>2</sup> + (4-12)<sup>2</sup> <sup>0.5</sup>', 110.68, 8, 'Pengujian Vie Webserver'),
(7624, 'PNG1908008', 'MBL1908049', '(0.9-0.9)<sup>2</sup> + (40-50)<sup>2</sup>  + (0.9-0.3)<sup>2</sup> + (10-3)<sup>2</sup> + (12-12)<sup>2</sup> <sup>0.5</sup>', 112.22, 9, 'Pengujian Vie Webserver'),
(7625, 'PNG1908008', 'MBL1908008', '(0.5-0.9)<sup>2</sup> + (40-50)<sup>2</sup>  + (0.9-0.3)<sup>2</sup> + (3-3)<sup>2</sup> + (5-12)<sup>2</sup> <sup>0.5</sup>', 112.23, 10, 'Pengujian Vie Webserver'),
(7626, 'PNG1908008', 'MBL1908004', '(0.9-0.9)<sup>2</sup> + (40-50)<sup>2</sup>  + (0.9-0.3)<sup>2</sup> + (2-3)<sup>2</sup> + (5-12)<sup>2</sup> <sup>0.5</sup>', 112.26, 11, 'Pengujian Vie Webserver'),
(7627, 'PNG1908008', 'MBL1908032', '(0.5-0.9)<sup>2</sup> + (40-50)<sup>2</sup>  + (0.5-0.3)<sup>2</sup> + (2-3)<sup>2</sup> + (4-12)<sup>2</sup> <sup>0.5</sup>', 112.85, 12, 'Pengujian Vie Webserver'),
(7628, 'PNG1908008', 'MBL1908036', '(0.9-0.9)<sup>2</sup> + (40-50)<sup>2</sup>  + (0.3-0.3)<sup>2</sup> + (7-3)<sup>2</sup> + (5-12)<sup>2</sup> <sup>0.5</sup>', 112.85, 13, 'Pengujian Vie Webserver'),
(7629, 'PNG1908008', 'MBL1908024', '(0.3-0.9)<sup>2</sup> + (40-50)<sup>2</sup>  + (0.5-0.3)<sup>2</sup> + (5-3)<sup>2</sup> + (4-12)<sup>2</sup> <sup>0.5</sup>', 112.98, 14, 'Pengujian Vie Webserver'),
(7630, 'PNG1908008', 'MBL1908045', '(0.5-0.9)<sup>2</sup> + (35-50)<sup>2</sup>  + (0.3-0.3)<sup>2</sup> + (5-3)<sup>2</sup> + (7-12)<sup>2</sup> <sup>0.5</sup>', 115.94, 15, 'Pengujian Vie Webserver'),
(7631, 'PNG1908008', 'MBL1908035', '(0.9-0.9)<sup>2</sup> + (35-50)<sup>2</sup>  + (0.5-0.3)<sup>2</sup> + (10-3)<sup>2</sup> + (12-12)<sup>2</sup> <sup>0.5</sup>', 116.55, 16, 'Pengujian Vie Webserver'),
(7632, 'PNG1908008', 'MBL1908031', '(0.5-0.9)<sup>2</sup> + (35-50)<sup>2</sup>  + (0.9-0.3)<sup>2</sup> + (3-3)<sup>2</sup> + (4-12)<sup>2</sup> <sup>0.5</sup>', 117.02, 17, 'Pengujian Vie Webserver'),
(7633, 'PNG1908008', 'MBL1908041', '(0.9-0.9)<sup>2</sup> + (35-50)<sup>2</sup>  + (0.9-0.3)<sup>2</sup> + (7-3)<sup>2</sup> + (5-12)<sup>2</sup> <sup>0.5</sup>', 117.04, 18, 'Pengujian Vie Webserver'),
(7634, 'PNG1908008', 'MBL1908022', '(0.9-0.9)<sup>2</sup> + (30-50)<sup>2</sup>  + (0.9-0.3)<sup>2</sup> + (3-3)<sup>2</sup> + (12-12)<sup>2</sup> <sup>0.5</sup>', 120.01, 19, 'Pengujian Vie Webserver'),
(7635, 'PNG1908008', 'MBL1908009', '(0.5-0.9)<sup>2</sup> + (30-50)<sup>2</sup>  + (0.5-0.3)<sup>2</sup> + (5-3)<sup>2</sup> + (12-12)<sup>2</sup> <sup>0.5</sup>', 120.1, 20, 'Pengujian Vie Webserver'),
(7636, 'PNG1908008', 'MBL1908003', '(0.5-0.9)<sup>2</sup> + (30-50)<sup>2</sup>  + (0.5-0.3)<sup>2</sup> + (3-3)<sup>2</sup> + (7-12)<sup>2</sup> <sup>0.5</sup>', 120.62, 21, 'Pengujian Vie Webserver'),
(7637, 'PNG1908008', 'MBL1908012', '(0.5-0.9)<sup>2</sup> + (30-50)<sup>2</sup>  + (0.3-0.3)<sup>2</sup> + (3-3)<sup>2</sup> + (7-12)<sup>2</sup> <sup>0.5</sup>', 120.62, 22, 'Pengujian Vie Webserver'),
(7638, 'PNG1908008', 'MBL1908017', '(0.9-0.9)<sup>2</sup> + (30-50)<sup>2</sup>  + (0.9-0.3)<sup>2</sup> + (5-3)<sup>2</sup> + (4-12)<sup>2</sup> <sup>0.5</sup>', 121.64, 23, 'Pengujian Vie Webserver'),
(7639, 'PNG1908008', 'MBL1908027', '(0.9-0.9)<sup>2</sup> + (30-50)<sup>2</sup>  + (0.9-0.3)<sup>2</sup> + (8-3)<sup>2</sup> + (4-12)<sup>2</sup> <sup>0.5</sup>', 122.12, 24, 'Pengujian Vie Webserver'),
(7640, 'PNG1908008', 'MBL1908015', '(0.9-0.9)<sup>2</sup> + (30-50)<sup>2</sup>  + (0.9-0.3)<sup>2</sup> + (10-3)<sup>2</sup> + (4-12)<sup>2</sup> <sup>0.5</sup>', 122.66, 25, 'Pengujian Vie Webserver'),
(7641, 'PNG1908008', 'MBL1908014', '(0.5-0.9)<sup>2</sup> + (25-50)<sup>2</sup>  + (0.3-0.3)<sup>2</sup> + (2-3)<sup>2</sup> + (12-12)<sup>2</sup> <sup>0.5</sup>', 125.02, 26, 'Pengujian Vie Webserver'),
(7642, 'PNG1908008', 'MBL1908019', '(0.5-0.9)<sup>2</sup> + (25-50)<sup>2</sup>  + (0.3-0.3)<sup>2</sup> + (4-3)<sup>2</sup> + (12-12)<sup>2</sup> <sup>0.5</sup>', 125.02, 27, 'Pengujian Vie Webserver'),
(7643, 'PNG1908008', 'MBL1908040', '(0.5-0.9)<sup>2</sup> + (25-50)<sup>2</sup>  + (0.5-0.3)<sup>2</sup> + (5-3)<sup>2</sup> + (12-12)<sup>2</sup> <sup>0.5</sup>', 125.08, 28, 'Pengujian Vie Webserver'),
(7644, 'PNG1908008', 'MBL1908047', '(0.9-0.9)<sup>2</sup> + (25-50)<sup>2</sup>  + (0.9-0.3)<sup>2</sup> + (5-3)<sup>2</sup> + (12-12)<sup>2</sup> <sup>0.5</sup>', 125.09, 29, 'Pengujian Vie Webserver'),
(7645, 'PNG1908008', 'MBL1908001', '(0.9-0.9)<sup>2</sup> + (25-50)<sup>2</sup>  + (0.5-0.3)<sup>2</sup> + (6-3)<sup>2</sup> + (12-12)<sup>2</sup> <sup>0.5</sup>', 125.18, 30, 'Pengujian Vie Webserver'),
(7646, 'PNG1908008', 'MBL1908030', '(0.9-0.9)<sup>2</sup> + (25-50)<sup>2</sup>  + (0.9-0.3)<sup>2</sup> + (3-3)<sup>2</sup> + (7-12)<sup>2</sup> <sup>0.5</sup>', 125.5, 31, 'Pengujian Vie Webserver'),
(7647, 'PNG1908008', 'MBL1908046', '(0.9-0.9)<sup>2</sup> + (25-50)<sup>2</sup>  + (0.5-0.3)<sup>2</sup> + (4-3)<sup>2</sup> + (7-12)<sup>2</sup> <sup>0.5</sup>', 125.52, 32, 'Pengujian Vie Webserver'),
(7648, 'PNG1908008', 'MBL1908010', '(0.9-0.9)<sup>2</sup> + (25-50)<sup>2</sup>  + (0.9-0.3)<sup>2</sup> + (4-3)<sup>2</sup> + (5-12)<sup>2</sup> <sup>0.5</sup>', 125.99, 33, 'Pengujian Vie Webserver'),
(7649, 'PNG1908008', 'MBL1908021', '(0.9-0.9)<sup>2</sup> + (25-50)<sup>2</sup>  + (0.3-0.3)<sup>2</sup> + (5-3)<sup>2</sup> + (5-12)<sup>2</sup> <sup>0.5</sup>', 126.04, 34, 'Pengujian Vie Webserver'),
(7650, 'PNG1908008', 'MBL1908037', '(0.5-0.9)<sup>2</sup> + (25-50)<sup>2</sup>  + (0.5-0.3)<sup>2</sup> + (3-3)<sup>2</sup> + (4-12)<sup>2</sup> <sup>0.5</sup>', 126.25, 35, 'Pengujian Vie Webserver'),
(7651, 'PNG1908008', 'MBL1908005', '(0.3-0.9)<sup>2</sup> + (25-50)<sup>2</sup>  + (0.9-0.3)<sup>2</sup> + (3-3)<sup>2</sup> + (4-12)<sup>2</sup> <sup>0.5</sup>', 126.26, 36, 'Pengujian Vie Webserver'),
(7652, 'PNG1908008', 'MBL1908026', '(0.5-0.9)<sup>2</sup> + (25-50)<sup>2</sup>  + (0.5-0.3)<sup>2</sup> + (7-3)<sup>2</sup> + (5-12)<sup>2</sup> <sup>0.5</sup>', 126.27, 37, 'Pengujian Vie Webserver'),
(7653, 'PNG1908008', 'MBL1908043', '(0.9-0.9)<sup>2</sup> + (25-50)<sup>2</sup>  + (0.5-0.3)<sup>2</sup> + (10-3)<sup>2</sup> + (7-12)<sup>2</sup> <sup>0.5</sup>', 126.44, 38, 'Pengujian Vie Webserver'),
(7654, 'PNG1908008', 'MBL1908006', '(0.5-0.9)<sup>2</sup> + (20-50)<sup>2</sup>  + (0.5-0.3)<sup>2</sup> + (3-3)<sup>2</sup> + (7-12)<sup>2</sup> <sup>0.5</sup>', 130.42, 39, 'Pengujian Vie Webserver'),
(7655, 'PNG1908008', 'MBL1908048', '(0.9-0.9)<sup>2</sup> + (20-50)<sup>2</sup>  + (0.3-0.3)<sup>2</sup> + (2-3)<sup>2</sup> + (4-12)<sup>2</sup> <sup>0.5</sup>', 131.06, 40, 'Pengujian Vie Webserver'),
(7656, 'PNG1908008', 'MBL1908013', '(0.9-0.9)<sup>2</sup> + (20-50)<sup>2</sup>  + (0.3-0.3)<sup>2</sup> + (5-3)<sup>2</sup> + (4-12)<sup>2</sup> <sup>0.5</sup>', 131.11, 41, 'Pengujian Vie Webserver'),
(7657, 'PNG1908008', 'MBL1908002', '(0.9-0.9)<sup>2</sup> + (15-50)<sup>2</sup>  + (0.9-0.3)<sup>2</sup> + (6-3)<sup>2</sup> + (12-12)<sup>2</sup> <sup>0.5</sup>', 135.13, 42, 'Pengujian Vie Webserver'),
(7658, 'PNG1908008', 'MBL1908018', '(0.5-0.9)<sup>2</sup> + (15-50)<sup>2</sup>  + (0.3-0.3)<sup>2</sup> + (7-3)<sup>2</sup> + (7-12)<sup>2</sup> <sup>0.5</sup>', 135.58, 43, 'Pengujian Vie Webserver'),
(7659, 'PNG1908008', 'MBL1908050', '(0.9-0.9)<sup>2</sup> + (15-50)<sup>2</sup>  + (0.5-0.3)<sup>2</sup> + (7-3)<sup>2</sup> + (7-12)<sup>2</sup> <sup>0.5</sup>', 135.58, 44, 'Pengujian Vie Webserver'),
(7660, 'PNG1908008', 'MBL1908044', '(0.9-0.9)<sup>2</sup> + (15-50)<sup>2</sup>  + (0.9-0.3)<sup>2</sup> + (2-3)<sup>2</sup> + (4-12)<sup>2</sup> <sup>0.5</sup>', 135.92, 45, 'Pengujian Vie Webserver'),
(7661, 'PNG1908008', 'MBL1908033', '(0.9-0.9)<sup>2</sup> + (10-50)<sup>2</sup>  + (0.9-0.3)<sup>2</sup> + (4-3)<sup>2</sup> + (7-12)<sup>2</sup> <sup>0.5</sup>', 140.33, 46, 'Pengujian Vie Webserver'),
(7662, 'PNG1908008', 'MBL1908038', '(0.5-0.9)<sup>2</sup> + (10-50)<sup>2</sup>  + (0.3-0.3)<sup>2</sup> + (2-3)<sup>2</sup> + (7-12)<sup>2</sup> <sup>0.5</sup>', 140.33, 47, 'Pengujian Vie Webserver'),
(7663, 'PNG1908008', 'MBL1908039', '(0.5-0.9)<sup>2</sup> + (10-50)<sup>2</sup>  + (0.9-0.3)<sup>2</sup> + (4-3)<sup>2</sup> + (7-12)<sup>2</sup> <sup>0.5</sup>', 140.33, 48, 'Pengujian Vie Webserver'),
(7664, 'PNG1908008', 'MBL1908029', '(0.9-0.9)<sup>2</sup> + (10-50)<sup>2</sup>  + (0.9-0.3)<sup>2</sup> + (9-3)<sup>2</sup> + (7-12)<sup>2</sup> <sup>0.5</sup>', 140.76, 49, 'Pengujian Vie Webserver'),
(7665, 'PNG1908007', 'MBL1908010', '(0.9-0.9)<sup>2</sup> + (25-25)<sup>2</sup>  + (0.9-0.5)<sup>2</sup> + (4-3)<sup>2</sup> + (5-5)<sup>2</sup> <sup>0.5</sup>', 11.08, 1, 'Pengujian Vie Webserver'),
(7666, 'PNG1908007', 'MBL1908037', '(0.5-0.9)<sup>2</sup> + (25-25)<sup>2</sup>  + (0.5-0.5)<sup>2</sup> + (3-3)<sup>2</sup> + (4-5)<sup>2</sup> <sup>0.5</sup>', 11.08, 2, 'Pengujian Vie Webserver'),
(7667, 'PNG1908007', 'MBL1908005', '(0.3-0.9)<sup>2</sup> + (25-25)<sup>2</sup>  + (0.9-0.5)<sup>2</sup> + (3-3)<sup>2</sup> + (4-5)<sup>2</sup> <sup>0.5</sup>', 11.23, 3, 'Pengujian Vie Webserver'),
(7668, 'PNG1908007', 'MBL1908021', '(0.9-0.9)<sup>2</sup> + (25-25)<sup>2</sup>  + (0.3-0.5)<sup>2</sup> + (5-3)<sup>2</sup> + (5-5)<sup>2</sup> <sup>0.5</sup>', 12.01, 4, 'Pengujian Vie Webserver'),
(7669, 'PNG1908007', 'MBL1908030', '(0.9-0.9)<sup>2</sup> + (25-25)<sup>2</sup>  + (0.9-0.5)<sup>2</sup> + (3-3)<sup>2</sup> + (7-5)<sup>2</sup> <sup>0.5</sup>', 12.04, 5, 'Pengujian Vie Webserver'),
(7670, 'PNG1908007', 'MBL1908046', '(0.9-0.9)<sup>2</sup> + (25-25)<sup>2</sup>  + (0.5-0.5)<sup>2</sup> + (4-3)<sup>2</sup> + (7-5)<sup>2</sup> <sup>0.5</sup>', 12.24, 6, 'Pengujian Vie Webserver'),
(7671, 'PNG1908007', 'MBL1908026', '(0.5-0.9)<sup>2</sup> + (25-25)<sup>2</sup>  + (0.5-0.5)<sup>2</sup> + (7-3)<sup>2</sup> + (5-5)<sup>2</sup> <sup>0.5</sup>', 14.02, 7, 'Pengujian Vie Webserver'),
(7672, 'PNG1908007', 'MBL1908048', '(0.9-0.9)<sup>2</sup> + (20-25)<sup>2</sup>  + (0.3-0.5)<sup>2</sup> + (2-3)<sup>2</sup> + (4-5)<sup>2</sup> <sup>0.5</sup>', 15.2, 8, 'Pengujian Vie Webserver'),
(7673, 'PNG1908007', 'MBL1908003', '(0.5-0.9)<sup>2</sup> + (30-25)<sup>2</sup>  + (0.5-0.5)<sup>2</sup> + (3-3)<sup>2</sup> + (7-5)<sup>2</sup> <sup>0.5</sup>', 15.4, 9, 'Pengujian Vie Webserver'),
(7674, 'PNG1908007', 'MBL1908006', '(0.5-0.9)<sup>2</sup> + (20-25)<sup>2</sup>  + (0.5-0.5)<sup>2</sup> + (3-3)<sup>2</sup> + (7-5)<sup>2</sup> <sup>0.5</sup>', 15.4, 10, 'Pengujian Vie Webserver'),
(7675, 'PNG1908007', 'MBL1908012', '(0.5-0.9)<sup>2</sup> + (30-25)<sup>2</sup>  + (0.3-0.5)<sup>2</sup> + (3-3)<sup>2</sup> + (7-5)<sup>2</sup> <sup>0.5</sup>', 15.4, 11, 'Pengujian Vie Webserver'),
(7676, 'PNG1908007', 'MBL1908013', '(0.9-0.9)<sup>2</sup> + (20-25)<sup>2</sup>  + (0.3-0.5)<sup>2</sup> + (5-3)<sup>2</sup> + (4-5)<sup>2</sup> <sup>0.5</sup>', 15.48, 12, 'Pengujian Vie Webserver'),
(7677, 'PNG1908007', 'MBL1908017', '(0.9-0.9)<sup>2</sup> + (30-25)<sup>2</sup>  + (0.9-0.5)<sup>2</sup> + (5-3)<sup>2</sup> + (4-5)<sup>2</sup> <sup>0.5</sup>', 15.49, 13, 'Pengujian Vie Webserver'),
(7678, 'PNG1908007', 'MBL1908014', '(0.5-0.9)<sup>2</sup> + (25-25)<sup>2</sup>  + (0.3-0.5)<sup>2</sup> + (2-3)<sup>2</sup> + (12-5)<sup>2</sup> <sup>0.5</sup>', 17.09, 14, 'Pengujian Vie Webserver'),
(7679, 'PNG1908007', 'MBL1908019', '(0.5-0.9)<sup>2</sup> + (25-25)<sup>2</sup>  + (0.3-0.5)<sup>2</sup> + (4-3)<sup>2</sup> + (12-5)<sup>2</sup> <sup>0.5</sup>', 17.09, 15, 'Pengujian Vie Webserver'),
(7680, 'PNG1908007', 'MBL1908027', '(0.9-0.9)<sup>2</sup> + (30-25)<sup>2</sup>  + (0.9-0.5)<sup>2</sup> + (8-3)<sup>2</sup> + (4-5)<sup>2</sup> <sup>0.5</sup>', 17.15, 16, 'Pengujian Vie Webserver'),
(7681, 'PNG1908007', 'MBL1908043', '(0.9-0.9)<sup>2</sup> + (25-25)<sup>2</sup>  + (0.5-0.5)<sup>2</sup> + (10-3)<sup>2</sup> + (7-5)<sup>2</sup> <sup>0.5</sup>', 17.28, 17, 'Pengujian Vie Webserver'),
(7682, 'PNG1908007', 'MBL1908040', '(0.5-0.9)<sup>2</sup> + (25-25)<sup>2</sup>  + (0.5-0.5)<sup>2</sup> + (5-3)<sup>2</sup> + (12-5)<sup>2</sup> <sup>0.5</sup>', 17.29, 18, 'Pengujian Vie Webserver'),
(7683, 'PNG1908007', 'MBL1908047', '(0.9-0.9)<sup>2</sup> + (25-25)<sup>2</sup>  + (0.9-0.5)<sup>2</sup> + (5-3)<sup>2</sup> + (12-5)<sup>2</sup> <sup>0.5</sup>', 17.29, 19, 'Pengujian Vie Webserver'),
(7684, 'PNG1908007', 'MBL1908001', '(0.9-0.9)<sup>2</sup> + (25-25)<sup>2</sup>  + (0.5-0.5)<sup>2</sup> + (6-3)<sup>2</sup> + (12-5)<sup>2</sup> <sup>0.5</sup>', 17.62, 20, 'Pengujian Vie Webserver'),
(7685, 'PNG1908007', 'MBL1908022', '(0.9-0.9)<sup>2</sup> + (30-25)<sup>2</sup>  + (0.9-0.5)<sup>2</sup> + (3-3)<sup>2</sup> + (12-5)<sup>2</sup> <sup>0.5</sup>', 18.61, 21, 'Pengujian Vie Webserver'),
(7686, 'PNG1908007', 'MBL1908015', '(0.9-0.9)<sup>2</sup> + (30-25)<sup>2</sup>  + (0.9-0.5)<sup>2</sup> + (10-3)<sup>2</sup> + (4-5)<sup>2</sup> <sup>0.5</sup>', 18.67, 22, 'Pengujian Vie Webserver'),
(7687, 'PNG1908007', 'MBL1908009', '(0.5-0.9)<sup>2</sup> + (30-25)<sup>2</sup>  + (0.5-0.5)<sup>2</sup> + (5-3)<sup>2</sup> + (12-5)<sup>2</sup> <sup>0.5</sup>', 18.84, 23, 'Pengujian Vie Webserver'),
(7688, 'PNG1908007', 'MBL1908031', '(0.5-0.9)<sup>2</sup> + (35-25)<sup>2</sup>  + (0.9-0.5)<sup>2</sup> + (3-3)<sup>2</sup> + (4-5)<sup>2</sup> <sup>0.5</sup>', 110.07, 24, 'Pengujian Vie Webserver'),
(7689, 'PNG1908007', 'MBL1908044', '(0.9-0.9)<sup>2</sup> + (15-25)<sup>2</sup>  + (0.9-0.5)<sup>2</sup> + (2-3)<sup>2</sup> + (4-5)<sup>2</sup> <sup>0.5</sup>', 110.11, 25, 'Pengujian Vie Webserver'),
(7690, 'PNG1908007', 'MBL1908045', '(0.5-0.9)<sup>2</sup> + (35-25)<sup>2</sup>  + (0.3-0.5)<sup>2</sup> + (5-3)<sup>2</sup> + (7-5)<sup>2</sup> <sup>0.5</sup>', 110.4, 26, 'Pengujian Vie Webserver'),
(7691, 'PNG1908007', 'MBL1908041', '(0.9-0.9)<sup>2</sup> + (35-25)<sup>2</sup>  + (0.9-0.5)<sup>2</sup> + (7-3)<sup>2</sup> + (5-5)<sup>2</sup> <sup>0.5</sup>', 110.78, 27, 'Pengujian Vie Webserver'),
(7692, 'PNG1908007', 'MBL1908050', '(0.9-0.9)<sup>2</sup> + (15-25)<sup>2</sup>  + (0.5-0.5)<sup>2</sup> + (7-3)<sup>2</sup> + (7-5)<sup>2</sup> <sup>0.5</sup>', 110.95, 28, 'Pengujian Vie Webserver'),
(7693, 'PNG1908007', 'MBL1908018', '(0.5-0.9)<sup>2</sup> + (15-25)<sup>2</sup>  + (0.3-0.5)<sup>2</sup> + (7-3)<sup>2</sup> + (7-5)<sup>2</sup> <sup>0.5</sup>', 110.96, 29, 'Pengujian Vie Webserver'),
(7694, 'PNG1908007', 'MBL1908002', '(0.9-0.9)<sup>2</sup> + (15-25)<sup>2</sup>  + (0.9-0.5)<sup>2</sup> + (6-3)<sup>2</sup> + (12-5)<sup>2</sup> <sup>0.5</sup>', 112.58, 30, 'Pengujian Vie Webserver'),
(7695, 'PNG1908007', 'MBL1908035', '(0.9-0.9)<sup>2</sup> + (35-25)<sup>2</sup>  + (0.5-0.5)<sup>2</sup> + (10-3)<sup>2</sup> + (12-5)<sup>2</sup> <sup>0.5</sup>', 114.07, 31, 'Pengujian Vie Webserver'),
(7696, 'PNG1908007', 'MBL1908008', '(0.5-0.9)<sup>2</sup> + (40-25)<sup>2</sup>  + (0.9-0.5)<sup>2</sup> + (3-3)<sup>2</sup> + (5-5)<sup>2</sup> <sup>0.5</sup>', 115.01, 32, 'Pengujian Vie Webserver'),
(7697, 'PNG1908007', 'MBL1908004', '(0.9-0.9)<sup>2</sup> + (40-25)<sup>2</sup>  + (0.9-0.5)<sup>2</sup> + (2-3)<sup>2</sup> + (5-5)<sup>2</sup> <sup>0.5</sup>', 115.04, 33, 'Pengujian Vie Webserver'),
(7698, 'PNG1908007', 'MBL1908032', '(0.5-0.9)<sup>2</sup> + (40-25)<sup>2</sup>  + (0.5-0.5)<sup>2</sup> + (2-3)<sup>2</sup> + (4-5)<sup>2</sup> <sup>0.5</sup>', 115.07, 34, 'Pengujian Vie Webserver'),
(7699, 'PNG1908007', 'MBL1908033', '(0.9-0.9)<sup>2</sup> + (10-25)<sup>2</sup>  + (0.9-0.5)<sup>2</sup> + (4-3)<sup>2</sup> + (7-5)<sup>2</sup> <sup>0.5</sup>', 115.17, 35, 'Pengujian Vie Webserver'),
(7700, 'PNG1908007', 'MBL1908038', '(0.5-0.9)<sup>2</sup> + (10-25)<sup>2</sup>  + (0.3-0.5)<sup>2</sup> + (2-3)<sup>2</sup> + (7-5)<sup>2</sup> <sup>0.5</sup>', 115.17, 36, 'Pengujian Vie Webserver'),
(7701, 'PNG1908007', 'MBL1908024', '(0.3-0.9)<sup>2</sup> + (40-25)<sup>2</sup>  + (0.5-0.5)<sup>2</sup> + (5-3)<sup>2</sup> + (4-5)<sup>2</sup> <sup>0.5</sup>', 115.18, 37, 'Pengujian Vie Webserver'),
(7702, 'PNG1908007', 'MBL1908039', '(0.5-0.9)<sup>2</sup> + (10-25)<sup>2</sup>  + (0.9-0.5)<sup>2</sup> + (4-3)<sup>2</sup> + (7-5)<sup>2</sup> <sup>0.5</sup>', 115.18, 38, 'Pengujian Vie Webserver'),
(7703, 'PNG1908007', 'MBL1908036', '(0.9-0.9)<sup>2</sup> + (40-25)<sup>2</sup>  + (0.3-0.5)<sup>2</sup> + (7-3)<sup>2</sup> + (5-5)<sup>2</sup> <sup>0.5</sup>', 115.53, 39, 'Pengujian Vie Webserver'),
(7704, 'PNG1908007', 'MBL1908029', '(0.9-0.9)<sup>2</sup> + (10-25)<sup>2</sup>  + (0.9-0.5)<sup>2</sup> + (9-3)<sup>2</sup> + (7-5)<sup>2</sup> <sup>0.5</sup>', 116.28, 40, 'Pengujian Vie Webserver'),
(7705, 'PNG1908007', 'MBL1908011', '(0.5-0.9)<sup>2</sup> + (40-25)<sup>2</sup>  + (0.3-0.5)<sup>2</sup> + (2-3)<sup>2</sup> + (12-5)<sup>2</sup> <sup>0.5</sup>', 116.59, 41, 'Pengujian Vie Webserver'),
(7706, 'PNG1908007', 'MBL1908042', '(0.9-0.9)<sup>2</sup> + (40-25)<sup>2</sup>  + (0.3-0.5)<sup>2</sup> + (5-3)<sup>2</sup> + (12-5)<sup>2</sup> <sup>0.5</sup>', 116.67, 42, 'Pengujian Vie Webserver'),
(7707, 'PNG1908007', 'MBL1908049', '(0.9-0.9)<sup>2</sup> + (40-25)<sup>2</sup>  + (0.9-0.5)<sup>2</sup> + (10-3)<sup>2</sup> + (12-5)<sup>2</sup> <sup>0.5</sup>', 117.98, 43, 'Pengujian Vie Webserver'),
(7708, 'PNG1908007', 'MBL1908023', '(0.9-0.9)<sup>2</sup> + (45-25)<sup>2</sup>  + (0.5-0.5)<sup>2</sup> + (8-3)<sup>2</sup> + (4-5)<sup>2</sup> <sup>0.5</sup>', 120.64, 44, 'Pengujian Vie Webserver'),
(7709, 'PNG1908007', 'MBL1908007', '(0.5-0.9)<sup>2</sup> + (50-25)<sup>2</sup>  + (0.9-0.5)<sup>2</sup> + (2-3)<sup>2</sup> + (4-5)<sup>2</sup> <sup>0.5</sup>', 125.05, 45, 'Pengujian Vie Webserver'),
(7710, 'PNG1908007', 'MBL1908025', '(0.5-0.9)<sup>2</sup> + (50-25)<sup>2</sup>  + (0.3-0.5)<sup>2</sup> + (3-3)<sup>2</sup> + (7-5)<sup>2</sup> <sup>0.5</sup>', 125.08, 46, 'Pengujian Vie Webserver'),
(7711, 'PNG1908007', 'MBL1908016', '(0.9-0.9)<sup>2</sup> + (50-25)<sup>2</sup>  + (0.3-0.5)<sup>2</sup> + (3-3)<sup>2</sup> + (12-5)<sup>2</sup> <sup>0.5</sup>', 125.96, 47, 'Pengujian Vie Webserver'),
(7712, 'PNG1908007', 'MBL1908028', '(0.9-0.9)<sup>2</sup> + (50-25)<sup>2</sup>  + (0.9-0.5)<sup>2</sup> + (4-3)<sup>2</sup> + (12-5)<sup>2</sup> <sup>0.5</sup>', 125.98, 48, 'Pengujian Vie Webserver'),
(7713, 'PNG1908007', 'MBL1908034', '(0.9-0.9)<sup>2</sup> + (50-25)<sup>2</sup>  + (0.9-0.5)<sup>2</sup> + (5-3)<sup>2</sup> + (12-5)<sup>2</sup> <sup>0.5</sup>', 126.04, 49, 'Pengujian Vie Webserver'),
(7714, 'PNG1908006', 'MBL1908023', '(0.9-0.9)<sup>2</sup> + (45-50)<sup>2</sup>  + (0.5-0.9)<sup>2</sup> + (8-9)<sup>2</sup> + (4-5)<sup>2</sup> <sup>0.5</sup>', 15.21, 1, 'Pengujian Vie Webserver'),
(7715, 'PNG1908006', 'MBL1908025', '(0.5-0.9)<sup>2</sup> + (50-50)<sup>2</sup>  + (0.3-0.9)<sup>2</sup> + (3-9)<sup>2</sup> + (7-5)<sup>2</sup> <sup>0.5</sup>', 16.37, 2, 'Pengujian Vie Webserver'),
(7716, 'PNG1908006', 'MBL1908007', '(0.5-0.9)<sup>2</sup> + (50-50)<sup>2</sup>  + (0.9-0.9)<sup>2</sup> + (2-9)<sup>2</sup> + (4-5)<sup>2</sup> <sup>0.5</sup>', 17.08, 3, 'Pengujian Vie Webserver'),
(7717, 'PNG1908006', 'MBL1908034', '(0.9-0.9)<sup>2</sup> + (50-50)<sup>2</sup>  + (0.9-0.9)<sup>2</sup> + (5-9)<sup>2</sup> + (12-5)<sup>2</sup> <sup>0.5</sup>', 18.06, 4, 'Pengujian Vie Webserver'),
(7718, 'PNG1908006', 'MBL1908028', '(0.9-0.9)<sup>2</sup> + (50-50)<sup>2</sup>  + (0.9-0.9)<sup>2</sup> + (4-9)<sup>2</sup> + (12-5)<sup>2</sup> <sup>0.5</sup>', 18.6, 5, 'Pengujian Vie Webserver'),
(7719, 'PNG1908006', 'MBL1908016', '(0.9-0.9)<sup>2</sup> + (50-50)<sup>2</sup>  + (0.3-0.9)<sup>2</sup> + (3-9)<sup>2</sup> + (12-5)<sup>2</sup> <sup>0.5</sup>', 19.24, 6, 'Pengujian Vie Webserver'),
(7720, 'PNG1908006', 'MBL1908036', '(0.9-0.9)<sup>2</sup> + (40-50)<sup>2</sup>  + (0.3-0.9)<sup>2</sup> + (7-9)<sup>2</sup> + (5-5)<sup>2</sup> <sup>0.5</sup>', 110.22, 7, 'Pengujian Vie Webserver'),
(7721, 'PNG1908006', 'MBL1908024', '(0.3-0.9)<sup>2</sup> + (40-50)<sup>2</sup>  + (0.5-0.9)<sup>2</sup> + (5-9)<sup>2</sup> + (4-5)<sup>2</sup> <sup>0.5</sup>', 110.84, 8, 'Pengujian Vie Webserver'),
(7722, 'PNG1908006', 'MBL1908008', '(0.5-0.9)<sup>2</sup> + (40-50)<sup>2</sup>  + (0.9-0.9)<sup>2</sup> + (3-9)<sup>2</sup> + (5-5)<sup>2</sup> <sup>0.5</sup>', 111.67, 9, 'Pengujian Vie Webserver'),
(7723, 'PNG1908006', 'MBL1908004', '(0.9-0.9)<sup>2</sup> + (40-50)<sup>2</sup>  + (0.9-0.9)<sup>2</sup> + (2-9)<sup>2</sup> + (5-5)<sup>2</sup> <sup>0.5</sup>', 112.21, 10, 'Pengujian Vie Webserver'),
(7724, 'PNG1908006', 'MBL1908049', '(0.9-0.9)<sup>2</sup> + (40-50)<sup>2</sup>  + (0.9-0.9)<sup>2</sup> + (10-9)<sup>2</sup> + (12-5)<sup>2</sup> <sup>0.5</sup>', 112.25, 11, 'Pengujian Vie Webserver'),
(7725, 'PNG1908006', 'MBL1908032', '(0.5-0.9)<sup>2</sup> + (40-50)<sup>2</sup>  + (0.5-0.9)<sup>2</sup> + (2-9)<sup>2</sup> + (4-5)<sup>2</sup> <sup>0.5</sup>', 112.26, 12, 'Pengujian Vie Webserver'),
(7726, 'PNG1908006', 'MBL1908042', '(0.9-0.9)<sup>2</sup> + (40-50)<sup>2</sup>  + (0.3-0.9)<sup>2</sup> + (5-9)<sup>2</sup> + (12-5)<sup>2</sup> <sup>0.5</sup>', 112.86, 13, 'Pengujian Vie Webserver'),
(7727, 'PNG1908006', 'MBL1908011', '(0.5-0.9)<sup>2</sup> + (40-50)<sup>2</sup>  + (0.3-0.9)<sup>2</sup> + (2-9)<sup>2</sup> + (12-5)<sup>2</sup> <sup>0.5</sup>', 114.09, 14, 'Pengujian Vie Webserver'),
(7728, 'PNG1908006', 'MBL1908041', '(0.9-0.9)<sup>2</sup> + (35-50)<sup>2</sup>  + (0.9-0.9)<sup>2</sup> + (7-9)<sup>2</sup> + (5-5)<sup>2</sup> <sup>0.5</sup>', 115.13, 15, 'Pengujian Vie Webserver'),
(7729, 'PNG1908006', 'MBL1908045', '(0.5-0.9)<sup>2</sup> + (35-50)<sup>2</sup>  + (0.3-0.9)<sup>2</sup> + (5-9)<sup>2</sup> + (7-5)<sup>2</sup> <sup>0.5</sup>', 115.67, 16, 'Pengujian Vie Webserver'),
(7730, 'PNG1908006', 'MBL1908031', '(0.5-0.9)<sup>2</sup> + (35-50)<sup>2</sup>  + (0.9-0.9)<sup>2</sup> + (3-9)<sup>2</sup> + (4-5)<sup>2</sup> <sup>0.5</sup>', 116.19, 17, 'Pengujian Vie Webserver'),
(7731, 'PNG1908006', 'MBL1908035', '(0.9-0.9)<sup>2</sup> + (35-50)<sup>2</sup>  + (0.5-0.9)<sup>2</sup> + (10-9)<sup>2</sup> + (12-5)<sup>2</sup> <sup>0.5</sup>', 116.59, 18, 'Pengujian Vie Webserver'),
(7732, 'PNG1908006', 'MBL1908015', '(0.9-0.9)<sup>2</sup> + (30-50)<sup>2</sup>  + (0.9-0.9)<sup>2</sup> + (10-9)<sup>2</sup> + (4-5)<sup>2</sup> <sup>0.5</sup>', 120.05, 19, 'Pengujian Vie Webserver'),
(7733, 'PNG1908006', 'MBL1908027', '(0.9-0.9)<sup>2</sup> + (30-50)<sup>2</sup>  + (0.9-0.9)<sup>2</sup> + (8-9)<sup>2</sup> + (4-5)<sup>2</sup> <sup>0.5</sup>', 120.05, 20, 'Pengujian Vie Webserver');
INSERT INTO `tb_hasil` (`id_hasil`, `id_pengujian`, `id_mobil`, `rekapitulasi`, `bobot`, `ranking`, `keterangan`) VALUES
(7734, 'PNG1908006', 'MBL1908017', '(0.9-0.9)<sup>2</sup> + (30-50)<sup>2</sup>  + (0.9-0.9)<sup>2</sup> + (5-9)<sup>2</sup> + (4-5)<sup>2</sup> <sup>0.5</sup>', 120.42, 21, 'Pengujian Vie Webserver'),
(7735, 'PNG1908006', 'MBL1908003', '(0.5-0.9)<sup>2</sup> + (30-50)<sup>2</sup>  + (0.5-0.9)<sup>2</sup> + (3-9)<sup>2</sup> + (7-5)<sup>2</sup> <sup>0.5</sup>', 120.98, 22, 'Pengujian Vie Webserver'),
(7736, 'PNG1908006', 'MBL1908012', '(0.5-0.9)<sup>2</sup> + (30-50)<sup>2</sup>  + (0.3-0.9)<sup>2</sup> + (3-9)<sup>2</sup> + (7-5)<sup>2</sup> <sup>0.5</sup>', 120.99, 23, 'Pengujian Vie Webserver'),
(7737, 'PNG1908006', 'MBL1908009', '(0.5-0.9)<sup>2</sup> + (30-50)<sup>2</sup>  + (0.5-0.9)<sup>2</sup> + (5-9)<sup>2</sup> + (12-5)<sup>2</sup> <sup>0.5</sup>', 121.57, 24, 'Pengujian Vie Webserver'),
(7738, 'PNG1908006', 'MBL1908022', '(0.9-0.9)<sup>2</sup> + (30-50)<sup>2</sup>  + (0.9-0.9)<sup>2</sup> + (3-9)<sup>2</sup> + (12-5)<sup>2</sup> <sup>0.5</sup>', 122.02, 25, 'Pengujian Vie Webserver'),
(7739, 'PNG1908006', 'MBL1908026', '(0.5-0.9)<sup>2</sup> + (25-50)<sup>2</sup>  + (0.5-0.9)<sup>2</sup> + (7-9)<sup>2</sup> + (5-5)<sup>2</sup> <sup>0.5</sup>', 125.09, 26, 'Pengujian Vie Webserver'),
(7740, 'PNG1908006', 'MBL1908043', '(0.9-0.9)<sup>2</sup> + (25-50)<sup>2</sup>  + (0.5-0.9)<sup>2</sup> + (10-9)<sup>2</sup> + (7-5)<sup>2</sup> <sup>0.5</sup>', 125.1, 27, 'Pengujian Vie Webserver'),
(7741, 'PNG1908006', 'MBL1908021', '(0.9-0.9)<sup>2</sup> + (25-50)<sup>2</sup>  + (0.3-0.9)<sup>2</sup> + (5-9)<sup>2</sup> + (5-5)<sup>2</sup> <sup>0.5</sup>', 125.33, 28, 'Pengujian Vie Webserver'),
(7742, 'PNG1908006', 'MBL1908010', '(0.9-0.9)<sup>2</sup> + (25-50)<sup>2</sup>  + (0.9-0.9)<sup>2</sup> + (4-9)<sup>2</sup> + (5-5)<sup>2</sup> <sup>0.5</sup>', 125.5, 29, 'Pengujian Vie Webserver'),
(7743, 'PNG1908006', 'MBL1908046', '(0.9-0.9)<sup>2</sup> + (25-50)<sup>2</sup>  + (0.5-0.9)<sup>2</sup> + (4-9)<sup>2</sup> + (7-5)<sup>2</sup> <sup>0.5</sup>', 125.58, 30, 'Pengujian Vie Webserver'),
(7744, 'PNG1908006', 'MBL1908005', '(0.3-0.9)<sup>2</sup> + (25-50)<sup>2</sup>  + (0.9-0.9)<sup>2</sup> + (3-9)<sup>2</sup> + (4-5)<sup>2</sup> <sup>0.5</sup>', 125.74, 31, 'Pengujian Vie Webserver'),
(7745, 'PNG1908006', 'MBL1908037', '(0.5-0.9)<sup>2</sup> + (25-50)<sup>2</sup>  + (0.5-0.9)<sup>2</sup> + (3-9)<sup>2</sup> + (4-5)<sup>2</sup> <sup>0.5</sup>', 125.74, 32, 'Pengujian Vie Webserver'),
(7746, 'PNG1908006', 'MBL1908030', '(0.9-0.9)<sup>2</sup> + (25-50)<sup>2</sup>  + (0.9-0.9)<sup>2</sup> + (3-9)<sup>2</sup> + (7-5)<sup>2</sup> <sup>0.5</sup>', 125.79, 33, 'Pengujian Vie Webserver'),
(7747, 'PNG1908006', 'MBL1908001', '(0.9-0.9)<sup>2</sup> + (25-50)<sup>2</sup>  + (0.5-0.9)<sup>2</sup> + (6-9)<sup>2</sup> + (12-5)<sup>2</sup> <sup>0.5</sup>', 126.14, 34, 'Pengujian Vie Webserver'),
(7748, 'PNG1908006', 'MBL1908040', '(0.5-0.9)<sup>2</sup> + (25-50)<sup>2</sup>  + (0.5-0.9)<sup>2</sup> + (5-9)<sup>2</sup> + (12-5)<sup>2</sup> <sup>0.5</sup>', 126.27, 35, 'Pengujian Vie Webserver'),
(7749, 'PNG1908006', 'MBL1908047', '(0.9-0.9)<sup>2</sup> + (25-50)<sup>2</sup>  + (0.9-0.9)<sup>2</sup> + (5-9)<sup>2</sup> + (12-5)<sup>2</sup> <sup>0.5</sup>', 126.27, 36, 'Pengujian Vie Webserver'),
(7750, 'PNG1908006', 'MBL1908019', '(0.5-0.9)<sup>2</sup> + (25-50)<sup>2</sup>  + (0.3-0.9)<sup>2</sup> + (4-9)<sup>2</sup> + (12-5)<sup>2</sup> <sup>0.5</sup>', 126.45, 37, 'Pengujian Vie Webserver'),
(7751, 'PNG1908006', 'MBL1908014', '(0.5-0.9)<sup>2</sup> + (25-50)<sup>2</sup>  + (0.3-0.9)<sup>2</sup> + (2-9)<sup>2</sup> + (12-5)<sup>2</sup> <sup>0.5</sup>', 126.9, 38, 'Pengujian Vie Webserver'),
(7752, 'PNG1908006', 'MBL1908013', '(0.9-0.9)<sup>2</sup> + (20-50)<sup>2</sup>  + (0.3-0.9)<sup>2</sup> + (5-9)<sup>2</sup> + (4-5)<sup>2</sup> <sup>0.5</sup>', 130.29, 39, 'Pengujian Vie Webserver'),
(7753, 'PNG1908006', 'MBL1908006', '(0.5-0.9)<sup>2</sup> + (20-50)<sup>2</sup>  + (0.5-0.9)<sup>2</sup> + (3-9)<sup>2</sup> + (7-5)<sup>2</sup> <sup>0.5</sup>', 130.66, 40, 'Pengujian Vie Webserver'),
(7754, 'PNG1908006', 'MBL1908048', '(0.9-0.9)<sup>2</sup> + (20-50)<sup>2</sup>  + (0.3-0.9)<sup>2</sup> + (2-9)<sup>2</sup> + (4-5)<sup>2</sup> <sup>0.5</sup>', 130.83, 41, 'Pengujian Vie Webserver'),
(7755, 'PNG1908006', 'MBL1908018', '(0.5-0.9)<sup>2</sup> + (15-50)<sup>2</sup>  + (0.3-0.9)<sup>2</sup> + (7-9)<sup>2</sup> + (7-5)<sup>2</sup> <sup>0.5</sup>', 135.12, 42, 'Pengujian Vie Webserver'),
(7756, 'PNG1908006', 'MBL1908050', '(0.9-0.9)<sup>2</sup> + (15-50)<sup>2</sup>  + (0.5-0.9)<sup>2</sup> + (7-9)<sup>2</sup> + (7-5)<sup>2</sup> <sup>0.5</sup>', 135.12, 43, 'Pengujian Vie Webserver'),
(7757, 'PNG1908006', 'MBL1908044', '(0.9-0.9)<sup>2</sup> + (15-50)<sup>2</sup>  + (0.9-0.9)<sup>2</sup> + (2-9)<sup>2</sup> + (4-5)<sup>2</sup> <sup>0.5</sup>', 135.71, 44, 'Pengujian Vie Webserver'),
(7758, 'PNG1908006', 'MBL1908002', '(0.9-0.9)<sup>2</sup> + (15-50)<sup>2</sup>  + (0.9-0.9)<sup>2</sup> + (6-9)<sup>2</sup> + (12-5)<sup>2</sup> <sup>0.5</sup>', 135.82, 45, 'Pengujian Vie Webserver'),
(7759, 'PNG1908006', 'MBL1908029', '(0.9-0.9)<sup>2</sup> + (10-50)<sup>2</sup>  + (0.9-0.9)<sup>2</sup> + (9-9)<sup>2</sup> + (7-5)<sup>2</sup> <sup>0.5</sup>', 140.05, 46, 'Pengujian Vie Webserver'),
(7760, 'PNG1908006', 'MBL1908033', '(0.9-0.9)<sup>2</sup> + (10-50)<sup>2</sup>  + (0.9-0.9)<sup>2</sup> + (4-9)<sup>2</sup> + (7-5)<sup>2</sup> <sup>0.5</sup>', 140.36, 47, 'Pengujian Vie Webserver'),
(7761, 'PNG1908006', 'MBL1908039', '(0.5-0.9)<sup>2</sup> + (10-50)<sup>2</sup>  + (0.9-0.9)<sup>2</sup> + (4-9)<sup>2</sup> + (7-5)<sup>2</sup> <sup>0.5</sup>', 140.36, 48, 'Pengujian Vie Webserver'),
(7762, 'PNG1908006', 'MBL1908038', '(0.5-0.9)<sup>2</sup> + (10-50)<sup>2</sup>  + (0.3-0.9)<sup>2</sup> + (2-9)<sup>2</sup> + (7-5)<sup>2</sup> <sup>0.5</sup>', 140.66, 49, 'Pengujian Vie Webserver'),
(7763, 'PNG1908005', 'MBL1908035', '(0.9-0.9)<sup>2</sup> + (35-35)<sup>2</sup>  + (0.5-0.3)<sup>2</sup> + (10-7)<sup>2</sup> + (12-12)<sup>2</sup> <sup>0.5</sup>', 13.01, 1, 'Pengujian Vie Webserver'),
(7764, 'PNG1908005', 'MBL1908042', '(0.9-0.9)<sup>2</sup> + (40-35)<sup>2</sup>  + (0.3-0.3)<sup>2</sup> + (5-7)<sup>2</sup> + (12-12)<sup>2</sup> <sup>0.5</sup>', 15.39, 2, 'Pengujian Vie Webserver'),
(7765, 'PNG1908005', 'MBL1908009', '(0.5-0.9)<sup>2</sup> + (30-35)<sup>2</sup>  + (0.5-0.3)<sup>2</sup> + (5-7)<sup>2</sup> + (12-12)<sup>2</sup> <sup>0.5</sup>', 15.4, 3, 'Pengujian Vie Webserver'),
(7766, 'PNG1908005', 'MBL1908045', '(0.5-0.9)<sup>2</sup> + (35-35)<sup>2</sup>  + (0.3-0.3)<sup>2</sup> + (5-7)<sup>2</sup> + (7-12)<sup>2</sup> <sup>0.5</sup>', 15.4, 4, 'Pengujian Vie Webserver'),
(7767, 'PNG1908005', 'MBL1908049', '(0.9-0.9)<sup>2</sup> + (40-35)<sup>2</sup>  + (0.9-0.3)<sup>2</sup> + (10-7)<sup>2</sup> + (12-12)<sup>2</sup> <sup>0.5</sup>', 15.86, 5, 'Pengujian Vie Webserver'),
(7768, 'PNG1908005', 'MBL1908022', '(0.9-0.9)<sup>2</sup> + (30-35)<sup>2</sup>  + (0.9-0.3)<sup>2</sup> + (3-7)<sup>2</sup> + (12-12)<sup>2</sup> <sup>0.5</sup>', 16.43, 6, 'Pengujian Vie Webserver'),
(7769, 'PNG1908005', 'MBL1908041', '(0.9-0.9)<sup>2</sup> + (35-35)<sup>2</sup>  + (0.9-0.3)<sup>2</sup> + (7-7)<sup>2</sup> + (5-12)<sup>2</sup> <sup>0.5</sup>', 17.03, 7, 'Pengujian Vie Webserver'),
(7770, 'PNG1908005', 'MBL1908011', '(0.5-0.9)<sup>2</sup> + (40-35)<sup>2</sup>  + (0.3-0.3)<sup>2</sup> + (2-7)<sup>2</sup> + (12-12)<sup>2</sup> <sup>0.5</sup>', 17.08, 8, 'Pengujian Vie Webserver'),
(7771, 'PNG1908005', 'MBL1908012', '(0.5-0.9)<sup>2</sup> + (30-35)<sup>2</sup>  + (0.3-0.3)<sup>2</sup> + (3-7)<sup>2</sup> + (7-12)<sup>2</sup> <sup>0.5</sup>', 18.13, 9, 'Pengujian Vie Webserver'),
(7772, 'PNG1908005', 'MBL1908003', '(0.5-0.9)<sup>2</sup> + (30-35)<sup>2</sup>  + (0.5-0.3)<sup>2</sup> + (3-7)<sup>2</sup> + (7-12)<sup>2</sup> <sup>0.5</sup>', 18.14, 10, 'Pengujian Vie Webserver'),
(7773, 'PNG1908005', 'MBL1908036', '(0.9-0.9)<sup>2</sup> + (40-35)<sup>2</sup>  + (0.3-0.3)<sup>2</sup> + (7-7)<sup>2</sup> + (5-12)<sup>2</sup> <sup>0.5</sup>', 18.6, 11, 'Pengujian Vie Webserver'),
(7774, 'PNG1908005', 'MBL1908031', '(0.5-0.9)<sup>2</sup> + (35-35)<sup>2</sup>  + (0.9-0.3)<sup>2</sup> + (3-7)<sup>2</sup> + (4-12)<sup>2</sup> <sup>0.5</sup>', 18.97, 12, 'Pengujian Vie Webserver'),
(7775, 'PNG1908005', 'MBL1908008', '(0.5-0.9)<sup>2</sup> + (40-35)<sup>2</sup>  + (0.9-0.3)<sup>2</sup> + (3-7)<sup>2</sup> + (5-12)<sup>2</sup> <sup>0.5</sup>', 19.51, 13, 'Pengujian Vie Webserver'),
(7776, 'PNG1908005', 'MBL1908027', '(0.9-0.9)<sup>2</sup> + (30-35)<sup>2</sup>  + (0.9-0.3)<sup>2</sup> + (8-7)<sup>2</sup> + (4-12)<sup>2</sup> <sup>0.5</sup>', 19.51, 14, 'Pengujian Vie Webserver'),
(7777, 'PNG1908005', 'MBL1908017', '(0.9-0.9)<sup>2</sup> + (30-35)<sup>2</sup>  + (0.9-0.3)<sup>2</sup> + (5-7)<sup>2</sup> + (4-12)<sup>2</sup> <sup>0.5</sup>', 19.66, 15, 'Pengujian Vie Webserver'),
(7778, 'PNG1908005', 'MBL1908024', '(0.3-0.9)<sup>2</sup> + (40-35)<sup>2</sup>  + (0.5-0.3)<sup>2</sup> + (5-7)<sup>2</sup> + (4-12)<sup>2</sup> <sup>0.5</sup>', 19.66, 16, 'Pengujian Vie Webserver'),
(7779, 'PNG1908005', 'MBL1908015', '(0.9-0.9)<sup>2</sup> + (30-35)<sup>2</sup>  + (0.9-0.3)<sup>2</sup> + (10-7)<sup>2</sup> + (4-12)<sup>2</sup> <sup>0.5</sup>', 19.92, 17, 'Pengujian Vie Webserver'),
(7780, 'PNG1908005', 'MBL1908004', '(0.9-0.9)<sup>2</sup> + (40-35)<sup>2</sup>  + (0.9-0.3)<sup>2</sup> + (2-7)<sup>2</sup> + (5-12)<sup>2</sup> <sup>0.5</sup>', 19.97, 18, 'Pengujian Vie Webserver'),
(7781, 'PNG1908005', 'MBL1908001', '(0.9-0.9)<sup>2</sup> + (25-35)<sup>2</sup>  + (0.5-0.3)<sup>2</sup> + (6-7)<sup>2</sup> + (12-12)<sup>2</sup> <sup>0.5</sup>', 110.05, 19, 'Pengujian Vie Webserver'),
(7782, 'PNG1908005', 'MBL1908040', '(0.5-0.9)<sup>2</sup> + (25-35)<sup>2</sup>  + (0.5-0.3)<sup>2</sup> + (5-7)<sup>2</sup> + (12-12)<sup>2</sup> <sup>0.5</sup>', 110.21, 20, 'Pengujian Vie Webserver'),
(7783, 'PNG1908005', 'MBL1908047', '(0.9-0.9)<sup>2</sup> + (25-35)<sup>2</sup>  + (0.9-0.3)<sup>2</sup> + (5-7)<sup>2</sup> + (12-12)<sup>2</sup> <sup>0.5</sup>', 110.22, 21, 'Pengujian Vie Webserver'),
(7784, 'PNG1908005', 'MBL1908019', '(0.5-0.9)<sup>2</sup> + (25-35)<sup>2</sup>  + (0.3-0.3)<sup>2</sup> + (4-7)<sup>2</sup> + (12-12)<sup>2</sup> <sup>0.5</sup>', 110.45, 22, 'Pengujian Vie Webserver'),
(7785, 'PNG1908005', 'MBL1908032', '(0.5-0.9)<sup>2</sup> + (40-35)<sup>2</sup>  + (0.5-0.3)<sup>2</sup> + (2-7)<sup>2</sup> + (4-12)<sup>2</sup> <sup>0.5</sup>', 110.69, 23, 'Pengujian Vie Webserver'),
(7786, 'PNG1908005', 'MBL1908014', '(0.5-0.9)<sup>2</sup> + (25-35)<sup>2</sup>  + (0.3-0.3)<sup>2</sup> + (2-7)<sup>2</sup> + (12-12)<sup>2</sup> <sup>0.5</sup>', 111.19, 24, 'Pengujian Vie Webserver'),
(7787, 'PNG1908005', 'MBL1908043', '(0.9-0.9)<sup>2</sup> + (25-35)<sup>2</sup>  + (0.5-0.3)<sup>2</sup> + (10-7)<sup>2</sup> + (7-12)<sup>2</sup> <sup>0.5</sup>', 111.58, 25, 'Pengujian Vie Webserver'),
(7788, 'PNG1908005', 'MBL1908046', '(0.9-0.9)<sup>2</sup> + (25-35)<sup>2</sup>  + (0.5-0.3)<sup>2</sup> + (4-7)<sup>2</sup> + (7-12)<sup>2</sup> <sup>0.5</sup>', 111.58, 26, 'Pengujian Vie Webserver'),
(7789, 'PNG1908005', 'MBL1908030', '(0.9-0.9)<sup>2</sup> + (25-35)<sup>2</sup>  + (0.9-0.3)<sup>2</sup> + (3-7)<sup>2</sup> + (7-12)<sup>2</sup> <sup>0.5</sup>', 111.89, 27, 'Pengujian Vie Webserver'),
(7790, 'PNG1908005', 'MBL1908026', '(0.5-0.9)<sup>2</sup> + (25-35)<sup>2</sup>  + (0.5-0.3)<sup>2</sup> + (7-7)<sup>2</sup> + (5-12)<sup>2</sup> <sup>0.5</sup>', 112.21, 28, 'Pengujian Vie Webserver'),
(7791, 'PNG1908005', 'MBL1908021', '(0.9-0.9)<sup>2</sup> + (25-35)<sup>2</sup>  + (0.3-0.3)<sup>2</sup> + (5-7)<sup>2</sup> + (5-12)<sup>2</sup> <sup>0.5</sup>', 112.37, 29, 'Pengujian Vie Webserver'),
(7792, 'PNG1908005', 'MBL1908010', '(0.9-0.9)<sup>2</sup> + (25-35)<sup>2</sup>  + (0.9-0.3)<sup>2</sup> + (4-7)<sup>2</sup> + (5-12)<sup>2</sup> <sup>0.5</sup>', 112.58, 30, 'Pengujian Vie Webserver'),
(7793, 'PNG1908005', 'MBL1908023', '(0.9-0.9)<sup>2</sup> + (45-35)<sup>2</sup>  + (0.5-0.3)<sup>2</sup> + (8-7)<sup>2</sup> + (4-12)<sup>2</sup> <sup>0.5</sup>', 112.85, 31, 'Pengujian Vie Webserver'),
(7794, 'PNG1908005', 'MBL1908037', '(0.5-0.9)<sup>2</sup> + (25-35)<sup>2</sup>  + (0.5-0.3)<sup>2</sup> + (3-7)<sup>2</sup> + (4-12)<sup>2</sup> <sup>0.5</sup>', 113.42, 32, 'Pengujian Vie Webserver'),
(7795, 'PNG1908005', 'MBL1908005', '(0.3-0.9)<sup>2</sup> + (25-35)<sup>2</sup>  + (0.9-0.3)<sup>2</sup> + (3-7)<sup>2</sup> + (4-12)<sup>2</sup> <sup>0.5</sup>', 113.44, 33, 'Pengujian Vie Webserver'),
(7796, 'PNG1908005', 'MBL1908034', '(0.9-0.9)<sup>2</sup> + (50-35)<sup>2</sup>  + (0.9-0.3)<sup>2</sup> + (5-7)<sup>2</sup> + (12-12)<sup>2</sup> <sup>0.5</sup>', 115.14, 34, 'Pengujian Vie Webserver'),
(7797, 'PNG1908005', 'MBL1908028', '(0.9-0.9)<sup>2</sup> + (50-35)<sup>2</sup>  + (0.9-0.3)<sup>2</sup> + (4-7)<sup>2</sup> + (12-12)<sup>2</sup> <sup>0.5</sup>', 115.31, 35, 'Pengujian Vie Webserver'),
(7798, 'PNG1908005', 'MBL1908016', '(0.9-0.9)<sup>2</sup> + (50-35)<sup>2</sup>  + (0.3-0.3)<sup>2</sup> + (3-7)<sup>2</sup> + (12-12)<sup>2</sup> <sup>0.5</sup>', 115.52, 36, 'Pengujian Vie Webserver'),
(7799, 'PNG1908005', 'MBL1908025', '(0.5-0.9)<sup>2</sup> + (50-35)<sup>2</sup>  + (0.3-0.3)<sup>2</sup> + (3-7)<sup>2</sup> + (7-12)<sup>2</sup> <sup>0.5</sup>', 116.31, 37, 'Pengujian Vie Webserver'),
(7800, 'PNG1908005', 'MBL1908006', '(0.5-0.9)<sup>2</sup> + (20-35)<sup>2</sup>  + (0.5-0.3)<sup>2</sup> + (3-7)<sup>2</sup> + (7-12)<sup>2</sup> <sup>0.5</sup>', 116.32, 38, 'Pengujian Vie Webserver'),
(7801, 'PNG1908005', 'MBL1908013', '(0.9-0.9)<sup>2</sup> + (20-35)<sup>2</sup>  + (0.3-0.3)<sup>2</sup> + (5-7)<sup>2</sup> + (4-12)<sup>2</sup> <sup>0.5</sup>', 117.12, 39, 'Pengujian Vie Webserver'),
(7802, 'PNG1908005', 'MBL1908048', '(0.9-0.9)<sup>2</sup> + (20-35)<sup>2</sup>  + (0.3-0.3)<sup>2</sup> + (2-7)<sup>2</sup> + (4-12)<sup>2</sup> <sup>0.5</sup>', 117.72, 40, 'Pengujian Vie Webserver'),
(7803, 'PNG1908005', 'MBL1908007', '(0.5-0.9)<sup>2</sup> + (50-35)<sup>2</sup>  + (0.9-0.3)<sup>2</sup> + (2-7)<sup>2</sup> + (4-12)<sup>2</sup> <sup>0.5</sup>', 117.73, 41, 'Pengujian Vie Webserver'),
(7804, 'PNG1908005', 'MBL1908002', '(0.9-0.9)<sup>2</sup> + (15-35)<sup>2</sup>  + (0.9-0.3)<sup>2</sup> + (6-7)<sup>2</sup> + (12-12)<sup>2</sup> <sup>0.5</sup>', 120.03, 42, 'Pengujian Vie Webserver'),
(7805, 'PNG1908005', 'MBL1908018', '(0.5-0.9)<sup>2</sup> + (15-35)<sup>2</sup>  + (0.3-0.3)<sup>2</sup> + (7-7)<sup>2</sup> + (7-12)<sup>2</sup> <sup>0.5</sup>', 120.62, 43, 'Pengujian Vie Webserver'),
(7806, 'PNG1908005', 'MBL1908050', '(0.9-0.9)<sup>2</sup> + (15-35)<sup>2</sup>  + (0.5-0.3)<sup>2</sup> + (7-7)<sup>2</sup> + (7-12)<sup>2</sup> <sup>0.5</sup>', 120.62, 44, 'Pengujian Vie Webserver'),
(7807, 'PNG1908005', 'MBL1908044', '(0.9-0.9)<sup>2</sup> + (15-35)<sup>2</sup>  + (0.9-0.3)<sup>2</sup> + (2-7)<sup>2</sup> + (4-12)<sup>2</sup> <sup>0.5</sup>', 122.12, 45, 'Pengujian Vie Webserver'),
(7808, 'PNG1908005', 'MBL1908029', '(0.9-0.9)<sup>2</sup> + (10-35)<sup>2</sup>  + (0.9-0.3)<sup>2</sup> + (9-7)<sup>2</sup> + (7-12)<sup>2</sup> <sup>0.5</sup>', 125.58, 46, 'Pengujian Vie Webserver'),
(7809, 'PNG1908005', 'MBL1908033', '(0.9-0.9)<sup>2</sup> + (10-35)<sup>2</sup>  + (0.9-0.3)<sup>2</sup> + (4-7)<sup>2</sup> + (7-12)<sup>2</sup> <sup>0.5</sup>', 125.68, 47, 'Pengujian Vie Webserver'),
(7810, 'PNG1908005', 'MBL1908039', '(0.5-0.9)<sup>2</sup> + (10-35)<sup>2</sup>  + (0.9-0.3)<sup>2</sup> + (4-7)<sup>2</sup> + (7-12)<sup>2</sup> <sup>0.5</sup>', 125.68, 48, 'Pengujian Vie Webserver'),
(7811, 'PNG1908005', 'MBL1908038', '(0.5-0.9)<sup>2</sup> + (10-35)<sup>2</sup>  + (0.3-0.3)<sup>2</sup> + (2-7)<sup>2</sup> + (7-12)<sup>2</sup> <sup>0.5</sup>', 125.98, 49, 'Pengujian Vie Webserver'),
(7861, 'PNG1908015', 'MBL1908007', '(0.5-0.9)<sup>2</sup> + (50-50)<sup>2</sup>  + (0.9-0.9)<sup>2</sup> + (2-6)<sup>2</sup> + (4-4)<sup>2</sup> <sup>0.5</sup>', 14.02, 1, 'Pengujian Vie Webserver'),
(7862, 'PNG1908015', 'MBL1908025', '(0.5-0.9)<sup>2</sup> + (50-50)<sup>2</sup>  + (0.3-0.9)<sup>2</sup> + (3-6)<sup>2</sup> + (7-4)<sup>2</sup> <sup>0.5</sup>', 14.3, 2, 'Pengujian Vie Webserver'),
(7863, 'PNG1908015', 'MBL1908023', '(0.9-0.9)<sup>2</sup> + (45-50)<sup>2</sup>  + (0.5-0.9)<sup>2</sup> + (8-6)<sup>2</sup> + (4-4)<sup>2</sup> <sup>0.5</sup>', 15.4, 3, 'Pengujian Vie Webserver'),
(7864, 'PNG1908015', 'MBL1908034', '(0.9-0.9)<sup>2</sup> + (50-50)<sup>2</sup>  + (0.9-0.9)<sup>2</sup> + (5-6)<sup>2</sup> + (12-4)<sup>2</sup> <sup>0.5</sup>', 18.06, 4, 'Pengujian Vie Webserver'),
(7865, 'PNG1908015', 'MBL1908028', '(0.9-0.9)<sup>2</sup> + (50-50)<sup>2</sup>  + (0.9-0.9)<sup>2</sup> + (4-6)<sup>2</sup> + (12-4)<sup>2</sup> <sup>0.5</sup>', 18.25, 5, 'Pengujian Vie Webserver'),
(7866, 'PNG1908015', 'MBL1908016', '(0.9-0.9)<sup>2</sup> + (50-50)<sup>2</sup>  + (0.3-0.9)<sup>2</sup> + (3-6)<sup>2</sup> + (12-4)<sup>2</sup> <sup>0.5</sup>', 18.57, 6, 'Pengujian Vie Webserver'),
(7867, 'PNG1908015', 'MBL1908024', '(0.3-0.9)<sup>2</sup> + (40-50)<sup>2</sup>  + (0.5-0.9)<sup>2</sup> + (5-6)<sup>2</sup> + (4-4)<sup>2</sup> <sup>0.5</sup>', 110.08, 7, 'Pengujian Vie Webserver'),
(7868, 'PNG1908015', 'MBL1908036', '(0.9-0.9)<sup>2</sup> + (40-50)<sup>2</sup>  + (0.3-0.9)<sup>2</sup> + (7-6)<sup>2</sup> + (5-4)<sup>2</sup> <sup>0.5</sup>', 110.12, 8, 'Pengujian Vie Webserver'),
(7869, 'PNG1908015', 'MBL1908008', '(0.5-0.9)<sup>2</sup> + (40-50)<sup>2</sup>  + (0.9-0.9)<sup>2</sup> + (3-6)<sup>2</sup> + (5-4)<sup>2</sup> <sup>0.5</sup>', 110.5, 9, 'Pengujian Vie Webserver'),
(7870, 'PNG1908015', 'MBL1908032', '(0.5-0.9)<sup>2</sup> + (40-50)<sup>2</sup>  + (0.5-0.9)<sup>2</sup> + (2-6)<sup>2</sup> + (4-4)<sup>2</sup> <sup>0.5</sup>', 110.79, 10, 'Pengujian Vie Webserver'),
(7871, 'PNG1908015', 'MBL1908004', '(0.9-0.9)<sup>2</sup> + (40-50)<sup>2</sup>  + (0.9-0.9)<sup>2</sup> + (2-6)<sup>2</sup> + (5-4)<sup>2</sup> <sup>0.5</sup>', 110.82, 11, 'Pengujian Vie Webserver'),
(7872, 'PNG1908015', 'MBL1908042', '(0.9-0.9)<sup>2</sup> + (40-50)<sup>2</sup>  + (0.3-0.9)<sup>2</sup> + (5-6)<sup>2</sup> + (12-4)<sup>2</sup> <sup>0.5</sup>', 112.86, 12, 'Pengujian Vie Webserver'),
(7873, 'PNG1908015', 'MBL1908049', '(0.9-0.9)<sup>2</sup> + (40-50)<sup>2</sup>  + (0.9-0.9)<sup>2</sup> + (10-6)<sup>2</sup> + (12-4)<sup>2</sup> <sup>0.5</sup>', 113.42, 13, 'Pengujian Vie Webserver'),
(7874, 'PNG1908015', 'MBL1908011', '(0.5-0.9)<sup>2</sup> + (40-50)<sup>2</sup>  + (0.3-0.9)<sup>2</sup> + (2-6)<sup>2</sup> + (12-4)<sup>2</sup> <sup>0.5</sup>', 113.44, 14, 'Pengujian Vie Webserver'),
(7875, 'PNG1908015', 'MBL1908041', '(0.9-0.9)<sup>2</sup> + (35-50)<sup>2</sup>  + (0.9-0.9)<sup>2</sup> + (7-6)<sup>2</sup> + (5-4)<sup>2</sup> <sup>0.5</sup>', 115.07, 15, 'Pengujian Vie Webserver'),
(7876, 'PNG1908015', 'MBL1908031', '(0.5-0.9)<sup>2</sup> + (35-50)<sup>2</sup>  + (0.9-0.9)<sup>2</sup> + (3-6)<sup>2</sup> + (4-4)<sup>2</sup> <sup>0.5</sup>', 115.3, 16, 'Pengujian Vie Webserver'),
(7877, 'PNG1908015', 'MBL1908045', '(0.5-0.9)<sup>2</sup> + (35-50)<sup>2</sup>  + (0.3-0.9)<sup>2</sup> + (5-6)<sup>2</sup> + (7-4)<sup>2</sup> <sup>0.5</sup>', 115.35, 17, 'Pengujian Vie Webserver'),
(7878, 'PNG1908015', 'MBL1908035', '(0.9-0.9)<sup>2</sup> + (35-50)<sup>2</sup>  + (0.5-0.9)<sup>2</sup> + (10-6)<sup>2</sup> + (12-4)<sup>2</sup> <sup>0.5</sup>', 117.47, 18, 'Pengujian Vie Webserver'),
(7879, 'PNG1908015', 'MBL1908017', '(0.9-0.9)<sup>2</sup> + (30-50)<sup>2</sup>  + (0.9-0.9)<sup>2</sup> + (5-6)<sup>2</sup> + (4-4)<sup>2</sup> <sup>0.5</sup>', 120.02, 19, 'Pengujian Vie Webserver'),
(7880, 'PNG1908015', 'MBL1908027', '(0.9-0.9)<sup>2</sup> + (30-50)<sup>2</sup>  + (0.9-0.9)<sup>2</sup> + (8-6)<sup>2</sup> + (4-4)<sup>2</sup> <sup>0.5</sup>', 120.1, 20, 'Pengujian Vie Webserver'),
(7881, 'PNG1908015', 'MBL1908015', '(0.9-0.9)<sup>2</sup> + (30-50)<sup>2</sup>  + (0.9-0.9)<sup>2</sup> + (10-6)<sup>2</sup> + (4-4)<sup>2</sup> <sup>0.5</sup>', 120.4, 21, 'Pengujian Vie Webserver'),
(7882, 'PNG1908015', 'MBL1908003', '(0.5-0.9)<sup>2</sup> + (30-50)<sup>2</sup>  + (0.5-0.9)<sup>2</sup> + (3-6)<sup>2</sup> + (7-4)<sup>2</sup> <sup>0.5</sup>', 120.45, 22, 'Pengujian Vie Webserver'),
(7883, 'PNG1908015', 'MBL1908012', '(0.5-0.9)<sup>2</sup> + (30-50)<sup>2</sup>  + (0.3-0.9)<sup>2</sup> + (3-6)<sup>2</sup> + (7-4)<sup>2</sup> <sup>0.5</sup>', 120.46, 23, 'Pengujian Vie Webserver'),
(7884, 'PNG1908015', 'MBL1908009', '(0.5-0.9)<sup>2</sup> + (30-50)<sup>2</sup>  + (0.5-0.9)<sup>2</sup> + (5-6)<sup>2</sup> + (12-4)<sup>2</sup> <sup>0.5</sup>', 121.57, 24, 'Pengujian Vie Webserver'),
(7885, 'PNG1908015', 'MBL1908022', '(0.9-0.9)<sup>2</sup> + (30-50)<sup>2</sup>  + (0.9-0.9)<sup>2</sup> + (3-6)<sup>2</sup> + (12-4)<sup>2</sup> <sup>0.5</sup>', 121.75, 25, 'Pengujian Vie Webserver'),
(7886, 'PNG1908015', 'MBL1908021', '(0.9-0.9)<sup>2</sup> + (25-50)<sup>2</sup>  + (0.3-0.9)<sup>2</sup> + (5-6)<sup>2</sup> + (5-4)<sup>2</sup> <sup>0.5</sup>', 125.05, 26, 'Pengujian Vie Webserver'),
(7887, 'PNG1908015', 'MBL1908026', '(0.5-0.9)<sup>2</sup> + (25-50)<sup>2</sup>  + (0.5-0.9)<sup>2</sup> + (7-6)<sup>2</sup> + (5-4)<sup>2</sup> <sup>0.5</sup>', 125.05, 27, 'Pengujian Vie Webserver'),
(7888, 'PNG1908015', 'MBL1908010', '(0.9-0.9)<sup>2</sup> + (25-50)<sup>2</sup>  + (0.9-0.9)<sup>2</sup> + (4-6)<sup>2</sup> + (5-4)<sup>2</sup> <sup>0.5</sup>', 125.1, 28, 'Pengujian Vie Webserver'),
(7889, 'PNG1908015', 'MBL1908005', '(0.3-0.9)<sup>2</sup> + (25-50)<sup>2</sup>  + (0.9-0.9)<sup>2</sup> + (3-6)<sup>2</sup> + (4-4)<sup>2</sup> <sup>0.5</sup>', 125.19, 29, 'Pengujian Vie Webserver'),
(7890, 'PNG1908015', 'MBL1908037', '(0.5-0.9)<sup>2</sup> + (25-50)<sup>2</sup>  + (0.5-0.9)<sup>2</sup> + (3-6)<sup>2</sup> + (4-4)<sup>2</sup> <sup>0.5</sup>', 125.19, 30, 'Pengujian Vie Webserver'),
(7891, 'PNG1908015', 'MBL1908046', '(0.9-0.9)<sup>2</sup> + (25-50)<sup>2</sup>  + (0.5-0.9)<sup>2</sup> + (4-6)<sup>2</sup> + (7-4)<sup>2</sup> <sup>0.5</sup>', 125.26, 31, 'Pengujian Vie Webserver'),
(7892, 'PNG1908015', 'MBL1908030', '(0.9-0.9)<sup>2</sup> + (25-50)<sup>2</sup>  + (0.9-0.9)<sup>2</sup> + (3-6)<sup>2</sup> + (7-4)<sup>2</sup> <sup>0.5</sup>', 125.36, 32, 'Pengujian Vie Webserver'),
(7893, 'PNG1908015', 'MBL1908043', '(0.9-0.9)<sup>2</sup> + (25-50)<sup>2</sup>  + (0.5-0.9)<sup>2</sup> + (10-6)<sup>2</sup> + (7-4)<sup>2</sup> <sup>0.5</sup>', 125.5, 33, 'Pengujian Vie Webserver'),
(7894, 'PNG1908015', 'MBL1908001', '(0.9-0.9)<sup>2</sup> + (25-50)<sup>2</sup>  + (0.5-0.9)<sup>2</sup> + (6-6)<sup>2</sup> + (12-4)<sup>2</sup> <sup>0.5</sup>', 126.25, 34, 'Pengujian Vie Webserver'),
(7895, 'PNG1908015', 'MBL1908040', '(0.5-0.9)<sup>2</sup> + (25-50)<sup>2</sup>  + (0.5-0.9)<sup>2</sup> + (5-6)<sup>2</sup> + (12-4)<sup>2</sup> <sup>0.5</sup>', 126.27, 35, 'Pengujian Vie Webserver'),
(7896, 'PNG1908015', 'MBL1908047', '(0.9-0.9)<sup>2</sup> + (25-50)<sup>2</sup>  + (0.9-0.9)<sup>2</sup> + (5-6)<sup>2</sup> + (12-4)<sup>2</sup> <sup>0.5</sup>', 126.27, 36, 'Pengujian Vie Webserver'),
(7897, 'PNG1908015', 'MBL1908019', '(0.5-0.9)<sup>2</sup> + (25-50)<sup>2</sup>  + (0.3-0.9)<sup>2</sup> + (4-6)<sup>2</sup> + (12-4)<sup>2</sup> <sup>0.5</sup>', 126.33, 37, 'Pengujian Vie Webserver'),
(7898, 'PNG1908015', 'MBL1908014', '(0.5-0.9)<sup>2</sup> + (25-50)<sup>2</sup>  + (0.3-0.9)<sup>2</sup> + (2-6)<sup>2</sup> + (12-4)<sup>2</sup> <sup>0.5</sup>', 126.56, 38, 'Pengujian Vie Webserver'),
(7899, 'PNG1908015', 'MBL1908013', '(0.9-0.9)<sup>2</sup> + (20-50)<sup>2</sup>  + (0.3-0.9)<sup>2</sup> + (5-6)<sup>2</sup> + (4-4)<sup>2</sup> <sup>0.5</sup>', 130.02, 39, 'Pengujian Vie Webserver'),
(7900, 'PNG1908015', 'MBL1908048', '(0.9-0.9)<sup>2</sup> + (20-50)<sup>2</sup>  + (0.3-0.9)<sup>2</sup> + (2-6)<sup>2</sup> + (4-4)<sup>2</sup> <sup>0.5</sup>', 130.27, 40, 'Pengujian Vie Webserver'),
(7901, 'PNG1908015', 'MBL1908006', '(0.5-0.9)<sup>2</sup> + (20-50)<sup>2</sup>  + (0.5-0.9)<sup>2</sup> + (3-6)<sup>2</sup> + (7-4)<sup>2</sup> <sup>0.5</sup>', 130.3, 41, 'Pengujian Vie Webserver'),
(7902, 'PNG1908015', 'MBL1908050', '(0.9-0.9)<sup>2</sup> + (15-50)<sup>2</sup>  + (0.5-0.9)<sup>2</sup> + (7-6)<sup>2</sup> + (7-4)<sup>2</sup> <sup>0.5</sup>', 135.14, 42, 'Pengujian Vie Webserver'),
(7903, 'PNG1908015', 'MBL1908018', '(0.5-0.9)<sup>2</sup> + (15-50)<sup>2</sup>  + (0.3-0.9)<sup>2</sup> + (7-6)<sup>2</sup> + (7-4)<sup>2</sup> <sup>0.5</sup>', 135.15, 43, 'Pengujian Vie Webserver'),
(7904, 'PNG1908015', 'MBL1908044', '(0.9-0.9)<sup>2</sup> + (15-50)<sup>2</sup>  + (0.9-0.9)<sup>2</sup> + (2-6)<sup>2</sup> + (4-4)<sup>2</sup> <sup>0.5</sup>', 135.23, 44, 'Pengujian Vie Webserver'),
(7905, 'PNG1908015', 'MBL1908002', '(0.9-0.9)<sup>2</sup> + (15-50)<sup>2</sup>  + (0.9-0.9)<sup>2</sup> + (6-6)<sup>2</sup> + (12-4)<sup>2</sup> <sup>0.5</sup>', 135.9, 45, 'Pengujian Vie Webserver'),
(7906, 'PNG1908015', 'MBL1908033', '(0.9-0.9)<sup>2</sup> + (10-50)<sup>2</sup>  + (0.9-0.9)<sup>2</sup> + (4-6)<sup>2</sup> + (7-4)<sup>2</sup> <sup>0.5</sup>', 140.16, 46, 'Pengujian Vie Webserver'),
(7907, 'PNG1908015', 'MBL1908039', '(0.5-0.9)<sup>2</sup> + (10-50)<sup>2</sup>  + (0.9-0.9)<sup>2</sup> + (4-6)<sup>2</sup> + (7-4)<sup>2</sup> <sup>0.5</sup>', 140.16, 47, 'Pengujian Vie Webserver'),
(7908, 'PNG1908015', 'MBL1908029', '(0.9-0.9)<sup>2</sup> + (10-50)<sup>2</sup>  + (0.9-0.9)<sup>2</sup> + (9-6)<sup>2</sup> + (7-4)<sup>2</sup> <sup>0.5</sup>', 140.22, 48, 'Pengujian Vie Webserver'),
(7909, 'PNG1908015', 'MBL1908038', '(0.5-0.9)<sup>2</sup> + (10-50)<sup>2</sup>  + (0.3-0.9)<sup>2</sup> + (2-6)<sup>2</sup> + (7-4)<sup>2</sup> <sup>0.5</sup>', 140.32, 49, 'Pengujian Vie Webserver');

-- --------------------------------------------------------

--
-- Struktur dari tabel `tb_test`
--

CREATE TABLE IF NOT EXISTS `tb_test` (
  `id_pengujian` varchar(30) NOT NULL,
  `nama_pengujian` varchar(25) NOT NULL,
  `hari_pengujian` datetime NOT NULL,
  `waktu_pengujian` timestamp NOT NULL DEFAULT CURRENT_TIMESTAMP ON UPDATE CURRENT_TIMESTAMP
) ENGINE=InnoDB DEFAULT CHARSET=latin1;

/*!40101 SET CHARACTER_SET_CLIENT=@OLD_CHARACTER_SET_CLIENT */;
/*!40101 SET CHARACTER_SET_RESULTS=@OLD_CHARACTER_SET_RESULTS */;
/*!40101 SET COLLATION_CONNECTION=@OLD_COLLATION_CONNECTION */;
